case_id	monomer_len	hor_order	n_blocks	sub_rate_intra	sub_rate_inter	indel_rate_intra	indel_rate_inter	block_conversions	monomer_conversions	submono_k	seed
null_0000	354	1	77	0.0	0.0631	0.0	0.01805	0	0	1	
null_0001	74	1	752	0.0	0.0401	0.0	0.0031	0	0	1	
null_0002	1208	1	78	0.0	0.07356	0.0	0.01389	0	0	1	
null_0003	270	1	233	0.0	0.0202	0.0	0.0165	0	0	1	
null_0004	265	1	373	0.0	0.04841	0.0	0.01812	0	0	1	
null_0005	34	1	1255	0.0	0.01981	0.0	0.00412	0	0	1	
null_0006	788	1	90	0.0	0.0082	0.0	0.01744	0	0	1	
null_0007	48	1	1711	0.0	0.01375	0.0	0.00693	0	0	1	
null_0008	25	1	1829	0.0	0.02987	0.0	0.01786	0	0	1	
null_0009	414	1	61	0.0	0.09823	0.0	0.00921	0	0	1	
null_0010	1034	1	23	0.0	0.07513	0.0	0.00315	0	0	1	
null_0011	51	1	608	0.0	0.03849	0.0	0.01305	0	0	1	
null_0012	37	1	2596	0.0	0.07778	0.0	0.00567	0	0	1	
null_0013	69	1	1381	0.0	0.06776	0.0	0.02298	0	0	1	
null_0014	615	1	110	0.0	0.05838	0.0	0.02494	0	0	1	
null_0015	31	1	2430	0.0	0.03172	0.0	0.00365	0	0	1	
null_0016	86	1	716	0.0	0.02541	0.0	0.01494	0	0	1	
null_0017	36	1	1627	0.0	0.08301	0.0	0.01821	0	0	1	
null_0018	618	1	49	0.0	0.06819	0.0	0.00847	0	0	1	
null_0019	447	1	55	0.0	0.03991	0.0	0.02057	0	0	1	
null_0020	196	1	129	0.0	0.039	0.0	0.0041	0	0	1	
null_0021	21	1	957	0.0	0.07999	0.0	0.00191	0	0	1	
null_0022	172	1	98	0.0	0.03574	0.0	0.0134	0	0	1	
null_0023	42	1	476	0.0	0.06019	0.0	0.02219	0	0	1	
null_0024	951	1	18	0.0	0.02539	0.0	0.01144	0	0	1	
null_0025	1444	1	11	0.0	0.03429	0.0	0.00539	0	0	1	
null_0026	275	1	348	0.0	0.03132	0.0	0.01143	0	0	1	
null_0027	798	1	49	0.0	0.03386	0.0	0.01935	0	0	1	
null_0028	41	1	2341	0.0	0.05014	0.0	0.00758	0	0	1	
null_0029	60	1	425	0.0	0.03471	0.0	0.00133	0	0	1	
null_0030	261	1	274	0.0	0.08246	0.0	0.02275	0	0	1	
null_0031	108	1	158	0.0	0.06777	0.0	0.0088	0	0	1	
null_0032	27	1	1087	0.0	0.05331	0.0	0.02024	0	0	1	
null_0033	40	1	1325	0.0	0.05667	0.0	0.00487	0	0	1	
null_0034	81	1	850	0.0	0.06723	0.0	0.02093	0	0	1	
null_0035	250	1	399	0.0	0.07981	0.0	0.0081	0	0	1	
null_0036	108	1	438	0.0	0.00473	0.0	0.01411	0	0	1	
null_0037	29	1	894	0.0	0.08884	0.0	0.00924	0	0	1	
null_0038	78	1	806	0.0	0.06907	0.0	0.01392	0	0	1	
null_0039	22	1	2254	0.0	0.04784	0.0	0.0173	0	0	1	
null_0040	96	1	257	0.0	0.05755	0.0	0.01626	0	0	1	
null_0041	1342	1	17	0.0	0.08914	0.0	0.00348	0	0	1	
null_0042	100	1	189	0.0	0.05007	0.0	0.00198	0	0	1	
null_0043	237	1	411	0.0	0.07455	0.0	0.02364	0	0	1	
null_0044	23	1	952	0.0	0.0152	0.0	0.00879	0	0	1	
null_0045	19	1	1191	0.0	0.0879	0.0	0.00147	0	0	1	
null_0046	451	1	131	0.0	0.07883	0.0	0.01053	0	0	1	
null_0047	25	1	1126	0.0	0.09284	0.0	0.0244	0	0	1	
null_0048	176	1	493	0.0	0.08952	0.0	0.01632	0	0	1	
null_0049	326	1	136	0.0	0.08822	0.0	0.01544	0	0	1	
null_0050	19	1	1308	0.0	0.00874	0.0	0.0104	0	0	1	
null_0051	30	1	583	0.0	0.04512	0.0	0.01723	0	0	1	
null_0052	124	1	203	0.0	0.09665	0.0	0.01779	0	0	1	
null_0053	16	1	959	0.0	0.08004	0.0	0.019	0	0	1	
null_0054	22	1	3307	0.0	0.01334	0.0	0.02404	0	0	1	
null_0055	233	1	141	0.0	0.02509	0.0	0.01857	0	0	1	
null_0056	142	1	352	0.0	0.00787	0.0	0.00978	0	0	1	
null_0057	603	1	64	0.0	0.09002	0.0	0.00117	0	0	1	
null_0058	91	1	1011	0.0	0.08241	0.0	0.01681	0	0	1	
null_0059	694	1	44	0.0	0.03574	0.0	0.00929	0	0	1	
null_0060	1797	1	16	0.0	0.05631	0.0	0.02403	0	0	1	
null_0061	732	1	125	0.0	0.06855	0.0	0.00298	0	0	1	
null_0062	1171	1	80	0.0	0.00791	0.0	0.01136	0	0	1	
null_0063	483	1	113	0.0	0.07793	0.0	0.00538	0	0	1	
null_0064	1252	1	70	0.0	0.07232	0.0	0.02346	0	0	1	
null_0065	676	1	93	0.0	0.01437	0.0	0.01662	0	0	1	
null_0066	122	1	146	0.0	0.06842	0.0	0.01567	0	0	1	
null_0067	53	1	639	0.0	0.01561	0.0	0.00142	0	0	1	
null_0068	1002	1	54	0.0	0.01828	0.0	0.01206	0	0	1	
null_0069	404	1	155	0.0	0.09825	0.0	0.02356	0	0	1	
null_0070	80	1	774	0.0	0.04328	0.0	0.00738	0	0	1	
null_0071	16	1	3037	0.0	0.02667	0.0	0.02229	0	0	1	
null_0072	44	1	1038	0.0	0.0336	0.0	0.01764	0	0	1	
null_0073	538	1	129	0.0	0.07584	0.0	0.01836	0	0	1	
null_0074	78	1	258	0.0	0.04624	0.0	0.02015	0	0	1	
null_0075	835	1	45	0.0	0.02388	0.0	0.02191	0	0	1	
null_0076	136	1	677	0.0	0.01255	0.0	0.01589	0	0	1	
null_0077	310	1	134	0.0	0.07451	0.0	0.02402	0	0	1	
null_0078	19	1	1064	0.0	0.0959	0.0	0.00458	0	0	1	
null_0079	1707	1	33	0.0	0.04594	0.0	0.00465	0	0	1	
null_0080	35	1	1304	0.0	0.07863	0.0	0.01491	0	0	1	
null_0081	182	1	490	0.0	0.07327	0.0	0.00969	0	0	1	
null_0082	966	1	27	0.0	0.02107	0.0	0.00903	0	0	1	
null_0083	357	1	156	0.0	0.05776	0.0	0.01543	0	0	1	
null_0084	567	1	43	0.0	0.04858	0.0	0.0214	0	0	1	
null_0085	439	1	132	0.0	0.0833	0.0	0.0047	0	0	1	
null_0086	1056	1	61	0.0	0.08953	0.0	0.00815	0	0	1	
null_0087	24	1	3979	0.0	0.02051	0.0	0.00807	0	0	1	
null_0088	15	1	2698	0.0	0.03409	0.0	0.02417	0	0	1	
null_0089	217	1	360	0.0	0.09703	0.0	0.02204	0	0	1	
null_0090	653	1	65	0.0	0.01217	0.0	0.00426	0	0	1	
null_0091	1125	1	15	0.0	0.05383	0.0	0.00187	0	0	1	
null_0092	30	1	1328	0.0	0.05984	0.0	0.00482	0	0	1	
null_0093	1924	1	27	0.0	0.03948	0.0	0.01902	0	0	1	
null_0094	1412	1	19	0.0	0.05254	0.0	0.00096	0	0	1	
null_0095	72	1	430	0.0	0.04209	0.0	0.01898	0	0	1	
null_0096	76	1	209	0.0	0.03795	0.0	0.01704	0	0	1	
null_0097	73	1	415	0.0	0.01225	0.0	0.00877	0	0	1	
null_0098	30	1	2531	0.0	0.03212	0.0	0.01493	0	0	1	
null_0099	1911	1	9	0.0	0.07807	0.0	0.0108	0	0	1	
null_0100	15	1	4870	0.0	0.09514	0.0	0.02312	0	0	1	
null_0101	204	1	449	0.0	0.02563	0.0	0.0184	0	0	1	
null_0102	20	1	2791	0.0	0.09098	0.0	0.00654	0	0	1	
null_0103	361	1	72	0.0	0.09992	0.0	0.02375	0	0	1	
null_0104	66	1	407	0.0	0.00584	0.0	0.01663	0	0	1	
null_0105	337	1	81	0.0	0.07142	0.0	0.01819	0	0	1	
null_0106	74	1	251	0.0	0.00303	0.0	0.01788	0	0	1	
null_0107	736	1	37	0.0	0.09226	0.0	0.0033	0	0	1	
null_0108	531	1	29	0.0	0.06302	0.0	0.01211	0	0	1	
null_0109	875	1	77	0.0	0.08105	0.0	0.02265	0	0	1	
null_0110	41	1	495	0.0	0.0261	0.0	0.01569	0	0	1	
null_0111	1925	1	9	0.0	0.06749	0.0	0.02437	0	0	1	
null_0112	297	1	193	0.0	0.04906	0.0	0.00356	0	0	1	
null_0113	71	1	617	0.0	0.01031	0.0	0.01372	0	0	1	
null_0114	385	1	88	0.0	0.03774	0.0	0.01484	0	0	1	
null_0115	259	1	298	0.0	0.05454	0.0	0.00418	0	0	1	
null_0116	1083	1	44	0.0	0.00354	0.0	0.00988	0	0	1	
null_0117	734	1	24	0.0	0.09115	0.0	0.01842	0	0	1	
null_0118	278	1	119	0.0	0.05989	0.0	0.00714	0	0	1	
null_0119	1270	1	42	0.0	0.08224	0.0	0.00306	0	0	1	
null_0120	77	1	456	0.0	0.09807	0.0	0.01201	0	0	1	
null_0121	21	1	4567	0.0	0.05792	0.0	0.01419	0	0	1	
null_0122	335	1	202	0.0	0.02636	0.0	0.01082	0	0	1	
null_0123	53	1	352	0.0	0.03478	0.0	0.02285	0	0	1	
null_0124	60	1	1346	0.0	0.0397	0.0	0.0223	0	0	1	
null_0125	92	1	201	0.0	0.08916	0.0	0.00555	0	0	1	
null_0126	641	1	24	0.0	0.06569	0.0	0.01604	0	0	1	
null_0127	146	1	302	0.0	0.02094	0.0	0.00568	0	0	1	
null_0128	1444	1	23	0.0	0.08711	0.0	0.01256	0	0	1	
null_0129	196	1	108	0.0	0.08518	0.0	0.0029	0	0	1	
null_0130	1116	1	48	0.0	0.06664	0.0	0.00796	0	0	1	
null_0131	24	1	2881	0.0	0.07956	0.0	0.01928	0	0	1	
null_0132	713	1	46	0.0	0.00601	0.0	0.00728	0	0	1	
null_0133	1099	1	22	0.0	0.0179	0.0	0.01541	0	0	1	
null_0134	735	1	111	0.0	0.00914	0.0	0.00959	0	0	1	
null_0135	123	1	501	0.0	0.06999	0.0	0.00815	0	0	1	
null_0136	790	1	126	0.0	0.07591	0.0	0.01962	0	0	1	
null_0137	25	1	1401	0.0	0.09339	0.0	0.02208	0	0	1	
null_0138	26	1	759	0.0	0.03021	0.0	0.01628	0	0	1	
null_0139	636	1	64	0.0	0.03128	0.0	0.02383	0	0	1	
null_0140	1607	1	10	0.0	0.03585	0.0	0.01935	0	0	1	
null_0141	115	1	395	0.0	0.01915	0.0	0.02468	0	0	1	
null_0142	624	1	121	0.0	0.08996	0.0	0.02404	0	0	1	
null_0143	889	1	43	0.0	0.09545	0.0	0.00657	0	0	1	
null_0144	145	1	309	0.0	0.05739	0.0	0.02309	0	0	1	
null_0145	1885	1	37	0.0	0.02951	0.0	0.00994	0	0	1	
null_0146	113	1	525	0.0	0.03575	0.0	0.01072	0	0	1	
null_0147	35	1	1346	0.0	0.02943	0.0	0.01245	0	0	1	
null_0148	220	1	167	0.0	0.07305	0.0	0.01495	0	0	1	
null_0149	162	1	151	0.0	0.05475	0.0	0.0123	0	0	1	
null_0150	24	1	1743	0.0	0.01302	0.0	0.01584	0	0	1	
null_0151	52	1	1489	0.0	0.00472	0.0	0.01211	0	0	1	
null_0152	632	1	75	0.0	0.08332	0.0	0.00554	0	0	1	
null_0153	527	1	131	0.0	0.02709	0.0	0.00264	0	0	1	
null_0154	51	1	379	0.0	0.05339	0.0	0.02035	0	0	1	
null_0155	1488	1	30	0.0	0.05146	0.0	0.01401	0	0	1	
null_0156	1046	1	41	0.0	0.00924	0.0	0.01601	0	0	1	
null_0157	288	1	86	0.0	0.06511	0.0	0.02351	0	0	1	
null_0158	74	1	369	0.0	0.04418	0.0	0.00349	0	0	1	
null_0159	30	1	825	0.0	0.09458	0.0	0.00647	0	0	1	
null_0160	772	1	91	0.0	0.00352	0.0	0.00315	0	0	1	
null_0161	59	1	482	0.0	0.07754	0.0	0.00324	0	0	1	
null_0162	333	1	167	0.0	0.03541	0.0	0.00297	0	0	1	
null_0163	244	1	133	0.0	0.06351	0.0	0.01537	0	0	1	
null_0164	142	1	177	0.0	0.01247	0.0	0.00387	0	0	1	
null_0165	664	1	45	0.0	0.00652	0.0	0.00627	0	0	1	
null_0166	70	1	696	0.0	0.09004	0.0	0.01521	0	0	1	
null_0167	100	1	324	0.0	0.0429	0.0	0.00699	0	0	1	
null_0168	19	1	5223	0.0	0.02095	0.0	0.00238	0	0	1	
null_0169	206	1	81	0.0	0.02292	0.0	0.00836	0	0	1	
null_0170	176	1	125	0.0	0.04249	0.0	0.01914	0	0	1	
null_0171	358	1	47	0.0	0.06824	0.0	0.00939	0	0	1	
null_0172	16	1	1982	0.0	0.07824	0.0	0.02244	0	0	1	
null_0173	504	1	154	0.0	0.00313	0.0	0.01886	0	0	1	
null_0174	332	1	66	0.0	0.02585	0.0	0.02483	0	0	1	
null_0175	23	1	2951	0.0	0.04341	0.0	0.00669	0	0	1	
null_0176	208	1	91	0.0	0.02258	0.0	0.00681	0	0	1	
null_0177	95	1	177	0.0	0.03505	0.0	0.0179	0	0	1	
null_0178	1209	1	39	0.0	0.0034	0.0	0.01214	0	0	1	
null_0179	67	1	258	0.0	0.06775	0.0	0.01003	0	0	1	
null_0180	125	1	277	0.0	0.09339	0.0	0.0046	0	0	1	
null_0181	138	1	232	0.0	0.02426	0.0	0.02437	0	0	1	
null_0182	46	1	511	0.0	0.07707	0.0	0.01842	0	0	1	
null_0183	110	1	256	0.0	0.07003	0.0	0.02401	0	0	1	
null_0184	72	1	1156	0.0	0.07797	0.0	0.0127	0	0	1	
null_0185	107	1	545	0.0	0.09984	0.0	0.01308	0	0	1	
null_0186	269	1	106	0.0	0.0369	0.0	0.00379	0	0	1	
null_0187	146	1	466	0.0	0.07806	0.0	0.02283	0	0	1	
null_0188	1523	1	21	0.0	0.05495	0.0	0.02445	0	0	1	
null_0189	593	1	42	0.0	0.05693	0.0	0.02358	0	0	1	
null_0190	67	1	242	0.0	0.01984	0.0	0.02326	0	0	1	
null_0191	193	1	178	0.0	0.08428	0.0	0.00912	0	0	1	
null_0192	1540	1	12	0.0	0.03954	0.0	0.02131	0	0	1	
null_0193	713	1	61	0.0	0.00313	0.0	0.00484	0	0	1	
null_0194	415	1	137	0.0	0.03255	0.0	0.00962	0	0	1	
null_0195	220	1	142	0.0	0.0334	0.0	0.01194	0	0	1	
null_0196	241	1	90	0.0	0.07673	0.0	0.00439	0	0	1	
null_0197	1269	1	63	0.0	0.08213	0.0	0.00157	0	0	1	
null_0198	433	1	54	0.0	0.0646	0.0	0.01397	0	0	1	
null_0199	751	1	95	0.0	0.08594	0.0	0.01151	0	0	1	
null_0200	58	1	285	0.0	0.07305	0.0	0.00146	0	0	1	
null_0201	1514	1	48	0.0	0.07773	0.0	0.00414	0	0	1	
null_0202	743	1	48	0.0	0.09902	0.0	0.01613	0	0	1	
null_0203	55	1	597	0.0	0.03893	0.0	0.00203	0	0	1	
null_0204	1478	1	18	0.0	0.07736	0.0	0.02396	0	0	1	
null_0205	1808	1	33	0.0	0.06664	0.0	0.00334	0	0	1	
null_0206	103	1	271	0.0	0.05548	0.0	0.00349	0	0	1	
null_0207	1057	1	67	0.0	0.01602	0.0	0.00773	0	0	1	
null_0208	91	1	231	0.0	0.08329	0.0	0.02048	0	0	1	
null_0209	341	1	115	0.0	0.00738	0.0	0.01609	0	0	1	
null_0210	37	1	2631	0.0	0.01107	0.0	0.01761	0	0	1	
null_0211	53	1	386	0.0	0.0046	0.0	0.01777	0	0	1	
null_0212	1111	1	65	0.0	0.0934	0.0	0.01949	0	0	1	
null_0213	54	1	379	0.0	0.03214	0.0	0.00887	0	0	1	
null_0214	15	1	4812	0.0	0.05858	0.0	0.0159	0	0	1	
null_0215	383	1	156	0.0	0.06494	0.0	0.01209	0	0	1	
null_0216	71	1	1343	0.0	0.04042	0.0	0.01975	0	0	1	
null_0217	251	1	227	0.0	0.0444	0.0	0.02234	0	0	1	
null_0218	252	1	250	0.0	0.09686	0.0	0.01688	0	0	1	
null_0219	16	1	3165	0.0	0.0873	0.0	0.00164	0	0	1	
null_0220	310	1	102	0.0	0.06316	0.0	0.0109	0	0	1	
null_0221	91	1	816	0.0	0.05013	0.0	0.01369	0	0	1	
null_0222	19	1	1247	0.0	0.00526	0.0	0.00822	0	0	1	
null_0223	630	1	80	0.0	0.06452	0.0	0.01743	0	0	1	
null_0224	432	1	119	0.0	0.04857	0.0	0.00772	0	0	1	
null_0225	49	1	1078	0.0	0.05036	0.0	0.02057	0	0	1	
null_0226	1678	1	13	0.0	0.01258	0.0	0.0244	0	0	1	
null_0227	64	1	1528	0.0	0.08546	0.0	0.02445	0	0	1	
null_0228	881	1	80	0.0	0.09398	0.0	0.01005	0	0	1	
null_0229	843	1	41	0.0	0.08523	0.0	0.01054	0	0	1	
null_0230	20	1	2438	0.0	0.00795	0.0	0.0036	0	0	1	
null_0231	550	1	38	0.0	0.05791	0.0	0.0172	0	0	1	
null_0232	1861	1	21	0.0	0.04635	0.0	0.01865	0	0	1	
null_0233	233	1	222	0.0	0.02932	0.0	0.00947	0	0	1	
null_0234	133	1	133	0.0	0.06023	0.0	0.0063	0	0	1	
null_0235	22	1	3537	0.0	0.07051	0.0	0.01991	0	0	1	
null_0236	487	1	116	0.0	0.07621	0.0	0.02078	0	0	1	
null_0237	495	1	154	0.0	0.03901	0.0	0.01186	0	0	1	
null_0238	88	1	428	0.0	0.00761	0.0	0.00894	0	0	1	
null_0239	1941	1	27	0.0	0.02278	0.0	0.006	0	0	1	
null_0240	277	1	59	0.0	0.03586	0.0	0.00257	0	0	1	
null_0241	1472	1	40	0.0	0.06504	0.0	0.01722	0	0	1	
null_0242	28	1	1260	0.0	0.03803	0.0	0.00133	0	0	1	
null_0243	1329	1	26	0.0	0.03493	0.0	0.01724	0	0	1	
null_0244	34	1	1613	0.0	0.06804	0.0	0.00465	0	0	1	
null_0245	213	1	138	0.0	0.04334	0.0	0.009	0	0	1	
null_0246	99	1	577	0.0	0.04192	0.0	0.00407	0	0	1	
null_0247	92	1	251	0.0	0.02413	0.0	0.01599	0	0	1	
null_0248	928	1	18	0.0	0.01895	0.0	0.01902	0	0	1	
null_0249	412	1	120	0.0	0.06391	0.0	0.01209	0	0	1	
null_0250	19	1	1178	0.0	0.01478	0.0	0.01176	0	0	1	
null_0251	425	1	95	0.0	0.09576	0.0	0.00838	0	0	1	
null_0252	125	1	345	0.0	0.06385	0.0	0.01208	0	0	1	
null_0253	160	1	151	0.0	0.05135	0.0	0.01857	0	0	1	
null_0254	573	1	54	0.0	0.05468	0.0	0.00868	0	0	1	
null_0255	102	1	919	0.0	0.01492	0.0	0.0131	0	0	1	
null_0256	368	1	67	0.0	0.04819	0.0	0.01236	0	0	1	
null_0257	21	1	1838	0.0	0.04311	0.0	0.00315	0	0	1	
null_0258	265	1	155	0.0	0.02103	0.0	0.01329	0	0	1	
null_0259	132	1	131	0.0	0.08632	0.0	0.01664	0	0	1	
null_0260	150	1	166	0.0	0.01749	0.0	0.02142	0	0	1	
null_0261	58	1	821	0.0	0.0673	0.0	0.01067	0	0	1	
null_0262	331	1	64	0.0	0.00606	0.0	0.01723	0	0	1	
null_0263	70	1	294	0.0	0.06873	0.0	0.00073	0	0	1	
null_0264	1419	1	13	0.0	0.03278	0.0	0.02166	0	0	1	
null_0265	26	1	595	0.0	0.09897	0.0	0.00493	0	0	1	
null_0266	16	1	6037	0.0	0.03756	0.0	0.02239	0	0	1	
null_0267	247	1	65	0.0	0.02624	0.0	0.00991	0	0	1	
null_0268	101	1	162	0.0	0.04677	0.0	0.01856	0	0	1	
null_0269	60	1	631	0.0	0.01307	0.0	0.00541	0	0	1	
null_0270	56	1	606	0.0	0.01604	0.0	0.01162	0	0	1	
null_0271	22	1	4388	0.0	0.0174	0.0	0.01931	0	0	1	
null_0272	60	1	419	0.0	0.06054	0.0	0.00437	0	0	1	
null_0273	186	1	424	0.0	0.03137	0.0	0.00459	0	0	1	
null_0274	36	1	2258	0.0	0.00587	0.0	0.00464	0	0	1	
null_0275	79	1	516	0.0	0.05262	0.0	0.01542	0	0	1	
null_0276	30	1	1662	0.0	0.03573	0.0	0.00024	0	0	1	
null_0277	246	1	361	0.0	0.08666	0.0	0.00678	0	0	1	
null_0278	163	1	160	0.0	0.05115	0.0	0.02359	0	0	1	
null_0279	258	1	93	0.0	0.05155	0.0	0.01927	0	0	1	
null_0280	360	1	271	0.0	0.04113	0.0	0.00395	0	0	1	
null_0281	1796	1	14	0.0	0.0918	0.0	0.00345	0	0	1	
null_0282	45	1	367	0.0	0.09406	0.0	0.00796	0	0	1	
null_0283	893	1	31	0.0	0.02221	0.0	0.00786	0	0	1	
null_0284	368	1	185	0.0	0.02162	0.0	0.01476	0	0	1	
null_0285	17	1	1604	0.0	0.08292	0.0	0.01867	0	0	1	
null_0286	214	1	356	0.0	0.09007	0.0	0.01193	0	0	1	
null_0287	550	1	61	0.0	0.03159	0.0	0.00787	0	0	1	
null_0288	348	1	185	0.0	0.09717	0.0	0.01155	0	0	1	
null_0289	158	1	110	0.0	0.04853	0.0	0.00473	0	0	1	
null_0290	464	1	96	0.0	0.03203	0.0	0.01499	0	0	1	
null_0291	30	1	1315	0.0	0.09901	0.0	0.02092	0	0	1	
null_0292	16	1	4949	0.0	0.05554	0.0	0.01421	0	0	1	
null_0293	580	1	31	0.0	0.08583	0.0	0.00277	0	0	1	
null_0294	50	1	420	0.0	0.01772	0.0	0.00256	0	0	1	
null_0295	760	1	30	0.0	0.01863	0.0	0.0064	0	0	1	
null_0296	18	1	1212	0.0	0.08015	0.0	0.01733	0	0	1	
null_0297	915	1	90	0.0	0.03945	0.0	0.01821	0	0	1	
null_0298	25	1	3021	0.0	0.02964	0.0	0.01293	0	0	1	
null_0299	30	1	2567	0.0	0.09929	0.0	0.01317	0	0	1	
null_0300	194	1	356	0.0	0.02077	0.0	0.01284	0	0	1	
null_0301	564	1	48	0.0	0.02332	0.0	0.00274	0	0	1	
null_0302	31	1	2167	0.0	0.03843	0.0	0.02459	0	0	1	
null_0303	1071	1	29	0.0	0.00302	0.0	0.02312	0	0	1	
null_0304	332	1	222	0.0	0.06793	0.0	0.00983	0	0	1	
null_0305	314	1	167	0.0	0.0806	0.0	0.00952	0	0	1	
null_0306	384	1	130	0.0	0.072	0.0	0.0054	0	0	1	
null_0307	32	1	1917	0.0	0.01174	0.0	0.01445	0	0	1	
null_0308	316	1	70	0.0	0.09431	0.0	0.0228	0	0	1	
null_0309	64	1	501	0.0	0.01559	0.0	0.00492	0	0	1	
null_0310	291	1	279	0.0	0.08688	0.0	0.00507	0	0	1	
null_0311	1064	1	36	0.0	0.0791	0.0	0.00573	0	0	1	
null_0312	41	1	830	0.0	0.01295	0.0	0.00404	0	0	1	
null_0313	1586	1	51	0.0	0.03382	0.0	0.01715	0	0	1	
null_0314	945	1	16	0.0	0.00992	0.0	0.01895	0	0	1	
null_0315	33	1	670	0.0	0.06475	0.0	0.00743	0	0	1	
null_0316	950	1	95	0.0	0.0971	0.0	0.01536	0	0	1	
null_0317	960	1	19	0.0	0.07703	0.0	0.01693	0	0	1	
null_0318	1477	1	37	0.0	0.06576	0.0	0.01979	0	0	1	
null_0319	35	1	1230	0.0	0.03968	0.0	0.00138	0	0	1	
null_0320	1141	1	83	0.0	0.06724	0.0	0.0237	0	0	1	
null_0321	444	1	220	0.0	0.01772	0.0	0.00958	0	0	1	
null_0322	31	1	2678	0.0	0.07725	0.0	0.00342	0	0	1	
null_0323	44	1	1697	0.0	0.0474	0.0	0.01981	0	0	1	
null_0324	30	1	1813	0.0	0.07176	0.0	0.02038	0	0	1	
null_0325	535	1	127	0.0	0.0888	0.0	0.01856	0	0	1	
null_0326	529	1	46	0.0	0.08308	0.0	0.00798	0	0	1	
null_0327	519	1	73	0.0	0.08843	0.0	0.0154	0	0	1	
null_0328	818	1	34	0.0	0.01252	0.0	0.00107	0	0	1	
null_0329	22	1	781	0.0	0.04155	0.0	0.00726	0	0	1	
null_0330	19	1	3733	0.0	0.09995	0.0	0.00823	0	0	1	
null_0331	116	1	569	0.0	0.04348	0.0	0.00837	0	0	1	
null_0332	1405	1	32	0.0	0.08928	0.0	0.02094	0	0	1	
null_0333	992	1	57	0.0	0.03233	0.0	0.02385	0	0	1	
null_0334	1756	1	18	0.0	0.01041	0.0	0.00477	0	0	1	
null_0335	123	1	500	0.0	0.0373	0.0	0.00493	0	0	1	
null_0336	90	1	647	0.0	0.01925	0.0	0.015	0	0	1	
null_0337	202	1	371	0.0	0.01647	0.0	0.01646	0	0	1	
null_0338	90	1	757	0.0	0.0392	0.0	0.00856	0	0	1	
null_0339	91	1	763	0.0	0.06866	0.0	0.02483	0	0	1	
null_0340	49	1	875	0.0	0.03735	0.0	0.02177	0	0	1	
null_0341	139	1	617	0.0	0.06433	0.0	0.0232	0	0	1	
null_0342	961	1	45	0.0	0.0728	0.0	0.01851	0	0	1	
null_0343	697	1	84	0.0	0.06764	0.0	0.00845	0	0	1	
null_0344	131	1	662	0.0	0.05846	0.0	0.01694	0	0	1	
null_0345	256	1	289	0.0	0.07935	0.0	0.00268	0	0	1	
null_0346	58	1	913	0.0	0.09436	0.0	0.00823	0	0	1	
null_0347	212	1	175	0.0	0.00831	0.0	0.00609	0	0	1	
null_0348	393	1	112	0.0	0.05283	0.0	0.00403	0	0	1	
null_0349	21	1	2589	0.0	0.03912	0.0	0.02498	0	0	1	
nullhomog_0000	1523	1	27	0.0	0.07133	0.0	0.01405	0	28	1	
nullhomog_0001	1193	1	17	0.0	0.00934	0.0	0.00935	0	21	1	
nullhomog_0002	733	1	130	0.0	0.02611	0.0	0.01988	0	187	1	
nullhomog_0003	189	1	344	0.0	0.00472	0.0	0.00879	0	551	1	
nullhomog_0004	1924	1	10	0.0	0.0344	0.0	0.01627	0	12	1	
nullhomog_0005	694	1	76	0.0	0.04874	0.0	0.02063	0	107	1	
nullhomog_0006	158	1	282	0.0	0.08964	0.0	0.00163	0	393	1	
nullhomog_0007	25	1	1011	0.0	0.04965	0.0	0.01803	0	1916	1	
nullhomog_0008	22	1	1191	0.0	0.01549	0.0	0.00538	0	2049	1	
nullhomog_0009	1063	1	16	0.0	0.01244	0.0	0.008	0	27	1	
nullhomog_0010	216	1	129	0.0	0.00812	0.0	0.01438	0	257	1	
nullhomog_0011	804	1	35	0.0	0.08092	0.0	0.0123	0	69	1	
nullhomog_0012	23	1	1722	0.0	0.068	0.0	0.00693	0	3328	1	
nullhomog_0013	1212	1	35	0.0	0.05889	0.0	0.00751	0	67	1	
nullhomog_0014	542	1	158	0.0	0.04537	0.0	0.003	0	247	1	
nullhomog_0015	58	1	300	0.0	0.0571	0.0	0.00151	0	580	1	
nullhomog_0016	1442	1	11	0.0	0.06922	0.0	0.00866	0	9	1	
nullhomog_0017	301	1	108	0.0	0.03071	0.0	0.00239	0	90	1	
nullhomog_0018	185	1	431	0.0	0.01609	0.0	0.00876	0	664	1	
nullhomog_0019	150	1	378	0.0	0.00727	0.0	0.02169	0	748	1	
nullhomog_0020	22	1	1083	0.0	0.07321	0.0	0.00447	0	766	1	
nullhomog_0021	24	1	1734	0.0	0.08831	0.0	0.00717	0	2373	1	
nullhomog_0022	1927	1	10	0.0	0.02401	0.0	0.0133	0	14	1	
nullhomog_0023	418	1	76	0.0	0.06453	0.0	0.00895	0	147	1	
nullhomog_0024	20	1	2706	0.0	0.04326	0.0	0.0214	0	2581	1	
nullhomog_0025	43	1	426	0.0	0.08515	0.0	0.01993	0	325	1	
nullhomog_0026	37	1	812	0.0	0.01217	0.0	0.01639	0	1315	1	
nullhomog_0027	315	1	202	0.0	0.05088	0.0	0.02327	0	109	1	
nullhomog_0028	31	1	1599	0.0	0.01057	0.0	0.00902	0	2722	1	
nullhomog_0029	44	1	453	0.0	0.01081	0.0	0.00749	0	480	1	
nullhomog_0030	29	1	2910	0.0	0.06365	0.0	0.01077	0	3969	1	
nullhomog_0031	254	1	254	0.0	0.03003	0.0	0.00276	0	339	1	
nullhomog_0032	150	1	130	0.0	0.02424	0.0	0.00399	0	108	1	
nullhomog_0033	1093	1	32	0.0	0.03059	0.0	0.02304	0	20	1	
nullhomog_0034	71	1	475	0.0	0.02961	0.0	0.01882	0	442	1	
nullhomog_0035	1815	1	41	0.0	0.083	0.0	0.02389	0	34	1	
nullhomog_0036	212	1	82	0.0	0.05038	0.0	0.00822	0	147	1	
nullhomog_0037	154	1	167	0.0	0.05546	0.0	0.01427	0	117	1	
nullhomog_0038	237	1	73	0.0	0.05806	0.0	0.00404	0	129	1	
nullhomog_0039	517	1	96	0.0	0.0886	0.0	0.00077	0	76	1	
nullhomog_0040	1872	1	21	0.0	0.02408	0.0	0.02274	0	31	1	
nullhomog_0041	35	1	1809	0.0	0.08919	0.0	0.00736	0	2840	1	
nullhomog_0042	367	1	69	0.0	0.07791	0.0	0.00098	0	113	1	
nullhomog_0043	895	1	20	0.0	0.05264	0.0	0.00286	0	11	1	
nullhomog_0044	1260	1	13	0.0	0.08217	0.0	0.00665	0	11	1	
nullhomog_0045	363	1	198	0.0	0.05174	0.0	0.00803	0	212	1	
nullhomog_0046	23	1	1361	0.0	0.06405	0.0	0.0225	0	1519	1	
nullhomog_0047	1422	1	37	0.0	0.07847	0.0	0.02124	0	27	1	
nullhomog_0048	368	1	145	0.0	0.07225	0.0	8e-05	0	246	1	
nullhomog_0049	531	1	52	0.0	0.06753	0.0	0.00999	0	46	1	
nullhomog_0050	830	1	22	0.0	0.0249	0.0	0.00847	0	31	1	
nullhomog_0051	19	1	1024	0.0	0.03137	0.0	0.02452	0	1181	1	
nullhomog_0052	36	1	859	0.0	0.05286	0.0	0.01255	0	1202	1	
nullhomog_0053	114	1	374	0.0	0.06372	0.0	0.00828	0	625	1	
nullhomog_0054	1127	1	67	0.0	0.03676	0.0	0.01428	0	111	1	
nullhomog_0055	106	1	263	0.0	0.07368	0.0	0.01832	0	172	1	
nullhomog_0056	90	1	517	0.0	0.07462	0.0	0.01654	0	915	1	
nullhomog_0057	53	1	885	0.0	0.04268	0.0	0.01193	0	1144	1	
nullhomog_0058	126	1	171	0.0	0.07391	0.0	0.01396	0	241	1	
nullhomog_0059	1892	1	33	0.0	0.06685	0.0	0.0179	0	53	1	
nullhomog_0060	75	1	246	0.0	0.06671	0.0	0.00185	0	153	1	
nullhomog_0061	1461	1	31	0.0	0.09033	0.0	0.00259	0	62	1	
nullhomog_0062	157	1	172	0.0	0.08474	0.0	0.00581	0	312	1	
nullhomog_0063	34	1	2479	0.0	0.01503	0.0	0.0035	0	3670	1	
nullhomog_0064	821	1	48	0.0	0.05658	0.0	0.00114	0	86	1	
nullhomog_0065	303	1	65	0.0	0.0411	0.0	0.00875	0	106	1	
nullhomog_0066	120	1	438	0.0	0.00765	0.0	7e-05	0	653	1	
nullhomog_0067	23	1	1484	0.0	0.03288	0.0	0.0046	0	991	1	
nullhomog_0068	117	1	347	0.0	0.0871	0.0	0.02256	0	320	1	
nullhomog_0069	92	1	458	0.0	0.00737	0.0	0.01342	0	515	1	
nullhomog_0070	433	1	61	0.0	0.05796	0.0	0.00215	0	110	1	
nullhomog_0071	16	1	4560	0.0	0.09004	0.0	0.00239	0	7798	1	
nullhomog_0072	142	1	267	0.0	0.08416	0.0	0.01802	0	322	1	
nullhomog_0073	42	1	462	0.0	0.04826	0.0	0.01866	0	300	1	
nullhomog_0074	130	1	318	0.0	0.0622	0.0	0.01797	0	316	1	
nullhomog_0075	109	1	406	0.0	0.01642	0.0	0.02224	0	568	1	
nullhomog_0076	20	1	4808	0.0	0.02022	0.0	0.02191	0	7981	1	
nullhomog_0077	20	1	1701	0.0	0.09277	0.0	0.01707	0	2641	1	
nullhomog_0078	703	1	77	0.0	0.01759	0.0	0.01566	0	145	1	
nullhomog_0079	71	1	582	0.0	0.01096	0.0	0.01754	0	923	1	
nullhomog_0080	44	1	588	0.0	0.02961	0.0	0.01548	0	1052	1	
nullhomog_0081	44	1	364	0.0	0.01033	0.0	0.01095	0	613	1	
nullhomog_0082	1098	1	20	0.0	0.04918	0.0	0.01867	0	12	1	
nullhomog_0083	40	1	411	0.0	0.04367	0.0	0.02241	0	397	1	
nullhomog_0084	1090	1	28	0.0	0.05543	0.0	0.00743	0	16	1	
nullhomog_0085	48	1	557	0.0	0.02796	0.0	0.01825	0	741	1	
nullhomog_0086	1587	1	43	0.0	0.01254	0.0	0.01052	0	81	1	
nullhomog_0087	625	1	37	0.0	0.07257	0.0	0.00289	0	27	1	
nullhomog_0088	65	1	810	0.0	0.01481	0.0	0.00379	0	1519	1	
nullhomog_0089	94	1	310	0.0	0.07925	0.0	0.00685	0	265	1	
nullhomog_0090	472	1	149	0.0	0.0396	0.0	0.00629	0	141	1	
nullhomog_0091	53	1	422	0.0	0.07169	0.0	0.00102	0	822	1	
nullhomog_0092	19	1	985	0.0	0.03578	0.0	0.01418	0	907	1	
nullhomog_0093	832	1	24	0.0	0.06941	0.0	0.01568	0	26	1	
nullhomog_0094	23	1	3235	0.0	0.02739	0.0	0.02121	0	2742	1	
nullhomog_0095	160	1	347	0.0	0.033	0.0	0.02493	0	379	1	
nullhomog_0096	283	1	62	0.0	0.02643	0.0	0.01075	0	32	1	
nullhomog_0097	219	1	388	0.0	0.00615	0.0	0.00625	0	432	1	
nullhomog_0098	1404	1	23	0.0	0.00929	0.0	0.01911	0	37	1	
nullhomog_0099	132	1	157	0.0	0.07493	0.0	0.00657	0	94	1	
nullsubmono_0000	183	1	228	0.0	0.06696	0.0	0.00155	0	0	3	
nullsubmono_0001	44	1	1003	0.0	0.05745	0.0	0.00639	0	0	2	
nullsubmono_0002	90	1	915	0.0	0.05726	0.0	0.00723	0	0	5	
nullsubmono_0003	426	1	142	0.0	0.04313	0.0	0.01318	0	0	3	
nullsubmono_0004	285	1	147	0.0	0.03676	0.0	0.01208	0	0	3	
nullsubmono_0005	540	1	120	0.0	0.0436	0.0	0.00301	0	0	5	
nullsubmono_0006	36	1	546	0.0	0.06191	0.0	0.0184	0	0	2	
nullsubmono_0007	66	1	1475	0.0	0.05782	0.0	0.0169	0	0	3	
nullsubmono_0008	84	1	1170	0.0	0.07663	0.0	0.01725	0	0	4	
nullsubmono_0009	380	1	124	0.0	0.07166	0.0	0.01323	0	0	5	
nullsubmono_0010	447	1	45	0.0	0.00868	0.0	0.01396	0	0	3	
nullsubmono_0011	405	1	138	0.0	0.06904	0.0	0.01351	0	0	5	
nullsubmono_0012	273	1	273	0.0	0.05418	0.0	0.00843	0	0	3	
nullsubmono_0013	234	1	337	0.0	0.04837	0.0	0.01715	0	0	3	
nullsubmono_0014	60	1	407	0.0	0.01544	0.0	0.0084	0	0	3	
nullsubmono_0015	276	1	208	0.0	0.06857	0.0	0.01868	0	0	2	
nullsubmono_0016	188	1	210	0.0	0.06486	0.0	0.0192	0	0	4	
nullsubmono_0017	504	1	50	0.0	0.04426	0.0	0.01541	0	0	4	
nullsubmono_0018	183	1	339	0.0	0.07603	0.0	0.01482	0	0	3	
nullsubmono_0019	42	1	606	0.0	0.07169	0.0	0.01844	0	0	2	
nullsubmono_0020	704	1	38	0.0	0.01314	0.0	0.01943	0	0	4	
nullsubmono_0021	81	1	189	0.0	0.07414	0.0	0.0002	0	0	3	
nullsubmono_0022	310	1	108	0.0	0.01199	0.0	0.01753	0	0	5	
nullsubmono_0023	625	1	74	0.0	0.03195	0.0	0.01856	0	0	5	
nullsubmono_0024	504	1	95	0.0	0.04157	0.0	0.0023	0	0	3	
nullsubmono_0025	332	1	175	0.0	0.02439	0.0	0.00796	0	0	4	
nullsubmono_0026	90	1	590	0.0	0.03347	0.0	0.01662	0	0	3	
nullsubmono_0027	268	1	149	0.0	0.05432	0.0	0.00338	0	0	2	
nullsubmono_0028	175	1	138	0.0	0.02332	0.0	0.01711	0	0	5	
nullsubmono_0029	705	1	48	0.0	0.06441	0.0	0.01169	0	0	5	
nullsubmono_0030	176	1	190	0.0	0.04169	0.0	0.00018	0	0	4	
nullsubmono_0031	290	1	118	0.0	0.07923	0.0	0.01508	0	0	5	
nullsubmono_0032	110	1	155	0.0	0.01312	0.0	0.01348	0	0	2	
nullsubmono_0033	740	1	88	0.0	0.00604	0.0	0.01476	0	0	5	
nullsubmono_0034	276	1	355	0.0	0.02399	0.0	0.01155	0	0	4	
nullsubmono_0035	174	1	304	0.0	0.0356	0.0	0.01978	0	0	3	
nullsubmono_0036	70	1	263	0.0	0.04976	0.0	0.0135	0	0	2	
nullsubmono_0037	796	1	115	0.0	0.02759	0.0	0.01134	0	0	4	
nullsubmono_0038	336	1	55	0.0	0.0529	0.0	0.01085	0	0	4	
nullsubmono_0039	178	1	365	0.0	0.04959	0.0	0.01275	0	0	2	
nullsubmono_0040	32	1	494	0.0	0.04752	0.0	0.00293	0	0	2	
nullsubmono_0041	112	1	184	0.0	0.04047	0.0	0.01914	0	0	4	
nullsubmono_0042	171	1	281	0.0	0.04476	0.0	0.00098	0	0	3	
nullsubmono_0043	488	1	156	0.0	0.07913	0.0	0.01798	0	0	4	
nullsubmono_0044	965	1	40	0.0	0.05553	0.0	0.00182	0	0	5	
nullsubmono_0045	610	1	30	0.0	0.04822	0.0	0.00348	0	0	5	
nullsubmono_0046	86	1	211	0.0	0.02184	0.0	0.01245	0	0	2	
nullsubmono_0047	50	1	718	0.0	0.0468	0.0	0.00277	0	0	2	
nullsubmono_0048	708	1	42	0.0	0.06062	0.0	0.00277	0	0	4	
nullsubmono_0049	244	1	118	0.0	0.00647	0.0	0.0195	0	0	4	
nullsubmono_0050	140	1	452	0.0	0.01656	0.0	0.00843	0	0	4	
nullsubmono_0051	90	1	275	0.0	0.01154	0.0	0.01866	0	0	5	
nullsubmono_0052	320	1	226	0.0	0.05647	0.0	0.003	0	0	2	
nullsubmono_0053	755	1	66	0.0	0.05315	0.0	0.01844	0	0	5	
nullsubmono_0054	105	1	207	0.0	0.07134	0.0	0.00996	0	0	3	
nullsubmono_0055	150	1	236	0.0	0.07014	0.0	0.01156	0	0	3	
nullsubmono_0056	48	1	647	0.0	0.05077	0.0	0.00126	0	0	2	
nullsubmono_0057	90	1	596	0.0	0.07001	0.0	0.01798	0	0	3	
nullsubmono_0058	96	1	423	0.0	0.03304	0.0	0.00855	0	0	2	
nullsubmono_0059	234	1	228	0.0	0.01436	0.0	0.00345	0	0	2	
nullsubmono_0060	237	1	104	0.0	0.03429	0.0	0.01621	0	0	3	
nullsubmono_0061	340	1	69	0.0	0.01393	0.0	0.00617	0	0	5	
nullsubmono_0062	212	1	161	0.0	0.02977	0.0	0.01624	0	0	2	
nullsubmono_0063	460	1	50	0.0	0.06925	0.0	0.008	0	0	5	
nullsubmono_0064	564	1	63	0.0	0.01922	0.0	0.0161	0	0	3	
nullsubmono_0065	408	1	101	0.0	0.01564	0.0	0.01667	0	0	3	
nullsubmono_0066	765	1	127	0.0	0.03156	0.0	0.01598	0	0	5	
nullsubmono_0067	330	1	46	0.0	0.05491	0.0	0.00356	0	0	3	
nullsubmono_0068	356	1	235	0.0	0.02443	0.0	0.01819	0	0	4	
nullsubmono_0069	164	1	151	0.0	0.04791	0.0	0.00304	0	0	4	
nullsubmono_0070	40	1	1101	0.0	0.03193	0.0	0.01928	0	0	2	
nullsubmono_0071	530	1	132	0.0	0.03774	0.0	0.01733	0	0	5	
nullsubmono_0072	474	1	44	0.0	0.07635	0.0	0.01742	0	0	3	
nullsubmono_0073	386	1	87	0.0	0.03079	0.0	0.01717	0	0	2	
nullsubmono_0074	483	1	150	0.0	0.06182	0.0	0.01982	0	0	3	
nullsubmono_0075	488	1	33	0.0	0.04361	0.0	0.01111	0	0	4	
nullsubmono_0076	940	1	50	0.0	0.06737	0.0	0.0133	0	0	5	
nullsubmono_0077	52	1	638	0.0	0.03137	0.0	0.0097	0	0	2	
nullsubmono_0078	118	1	540	0.0	0.01628	0.0	0.00353	0	0	2	
nullsubmono_0079	36	1	2372	0.0	0.01664	0.0	9e-05	0	0	2	
nullsubmono_0080	186	1	505	0.0	0.02224	0.0	0.01199	0	0	3	
nullsubmono_0081	220	1	354	0.0	0.02652	0.0	0.00236	0	0	5	
nullsubmono_0082	178	1	304	0.0	0.02633	0.0	0.00105	0	0	2	
nullsubmono_0083	84	1	251	0.0	0.00827	0.0	0.00637	0	0	3	
nullsubmono_0084	635	1	25	0.0	0.0198	0.0	0.00496	0	0	5	
nullsubmono_0085	480	1	57	0.0	0.07451	0.0	0.01358	0	0	3	
nullsubmono_0086	170	1	302	0.0	0.01587	0.0	5e-05	0	0	5	
nullsubmono_0087	190	1	94	0.0	0.043	0.0	0.01195	0	0	2	
nullsubmono_0088	34	1	2416	0.0	0.02983	0.0	0.0179	0	0	2	
nullsubmono_0089	175	1	92	0.0	0.04402	0.0	0.01824	0	0	5	
nullsubmono_0090	512	1	140	0.0	0.05995	0.0	0.00627	0	0	4	
nullsubmono_0091	220	1	331	0.0	0.02815	0.0	0.00748	0	0	4	
nullsubmono_0092	90	1	211	0.0	0.05884	0.0	0.01339	0	0	3	
nullsubmono_0093	780	1	127	0.0	0.03059	0.0	0.0159	0	0	5	
nullsubmono_0094	585	1	31	0.0	0.01204	0.0	0.01462	0	0	5	
nullsubmono_0095	195	1	430	0.0	0.01521	0.0	0.00534	0	0	3	
nullsubmono_0096	80	1	276	0.0	0.05379	0.0	0.00874	0	0	5	
nullsubmono_0097	100	1	879	0.0	0.0321	0.0	0.01096	0	0	5	
nullsubmono_0098	504	1	38	0.0	0.07539	0.0	0.00253	0	0	3	
nullsubmono_0099	38	1	1315	0.0	0.01137	0.0	0.00249	0	0	2	
nullsubmono_0100	725	1	30	0.0	0.0595	0.0	0.01256	0	0	5	
nullsubmono_0101	120	1	138	0.0	0.047	0.0	0.01344	0	0	2	
nullsubmono_0102	160	1	426	0.0	0.05102	0.0	0.01802	0	0	5	
nullsubmono_0103	48	1	1818	0.0	0.07772	0.0	0.00152	0	0	3	
nullsubmono_0104	128	1	469	0.0	0.06256	0.0	0.01113	0	0	4	
nullsubmono_0105	110	1	218	0.0	0.03609	0.0	0.01739	0	0	5	
nullsubmono_0106	579	1	98	0.0	0.05715	0.0	0.0103	0	0	3	
nullsubmono_0107	395	1	64	0.0	0.02413	0.0	0.01053	0	0	5	
nullsubmono_0108	348	1	90	0.0	0.04919	0.0	0.01205	0	0	4	
nullsubmono_0109	248	1	93	0.0	0.04516	0.0	0.01943	0	0	4	
nullsubmono_0110	117	1	163	0.0	0.04884	0.0	0.00712	0	0	3	
nullsubmono_0111	294	1	74	0.0	0.06246	0.0	0.00384	0	0	2	
nullsubmono_0112	655	1	44	0.0	0.04017	0.0	0.00657	0	0	5	
nullsubmono_0113	148	1	407	0.0	0.05067	0.0	6e-05	0	0	4	
nullsubmono_0114	54	1	1794	0.0	0.07537	0.0	0.00282	0	0	3	
nullsubmono_0115	392	1	225	0.0	0.0778	0.0	0.01112	0	0	2	
nullsubmono_0116	342	1	189	0.0	0.02083	0.0	0.00568	0	0	3	
nullsubmono_0117	160	1	111	0.0	0.02974	0.0	0.01082	0	0	4	
nullsubmono_0118	68	1	595	0.0	0.04286	0.0	0.01228	0	0	4	
nullsubmono_0119	252	1	64	0.0	0.0574	0.0	0.01427	0	0	4	
nullsubmono_0120	78	1	1189	0.0	0.05236	0.0	0.01165	0	0	3	
nullsubmono_0121	84	1	820	0.0	0.07383	0.0	0.01966	0	0	3	
nullsubmono_0122	675	1	119	0.0	0.04628	0.0	0.00097	0	0	5	
nullsubmono_0123	660	1	38	0.0	0.02027	0.0	0.01984	0	0	4	
nullsubmono_0124	291	1	169	0.0	0.04361	0.0	0.01382	0	0	3	
nullsubmono_0125	135	1	135	0.0	0.0271	0.0	0.00193	0	0	3	
nullsubmono_0126	340	1	236	0.0	0.07942	0.0	0.01716	0	0	5	
nullsubmono_0127	324	1	244	0.0	0.06746	0.0	0.01404	0	0	3	
nullsubmono_0128	268	1	141	0.0	0.06315	0.0	0.01312	0	0	2	
nullsubmono_0129	325	1	179	0.0	0.05071	0.0	0.00133	0	0	5	
nullsubmono_0130	975	1	26	0.0	0.0743	0.0	0.01797	0	0	5	
nullsubmono_0131	344	1	232	0.0	0.01072	0.0	0.00235	0	0	2	
nullsubmono_0132	195	1	152	0.0	0.00554	0.0	0.01276	0	0	5	
nullsubmono_0133	36	1	1120	0.0	0.07208	0.0	0.01402	0	0	2	
nullsubmono_0134	158	1	206	0.0	0.04943	0.0	8e-05	0	0	2	
nullsubmono_0135	560	1	32	0.0	0.01342	0.0	0.01062	0	0	4	
nullsubmono_0136	40	1	872	0.0	0.02629	0.0	0.00952	0	0	2	
nullsubmono_0137	72	1	591	0.0	0.01747	0.0	0.00235	0	0	4	
nullsubmono_0138	475	1	66	0.0	0.06263	0.0	0.01391	0	0	5	
nullsubmono_0139	75	1	654	0.0	0.0615	0.0	0.00033	0	0	3	
nullsubmono_0140	106	1	149	0.0	0.00939	0.0	0.00582	0	0	2	
nullsubmono_0141	54	1	989	0.0	0.00709	0.0	0.00093	0	0	3	
nullsubmono_0142	225	1	300	0.0	0.01477	0.0	0.01366	0	0	5	
nullsubmono_0143	184	1	130	0.0	0.04553	0.0	0.00124	0	0	2	
nullsubmono_0144	390	1	77	0.0	0.06394	0.0	0.01908	0	0	3	
nullsubmono_0145	69	1	1019	0.0	0.0087	0.0	0.01051	0	0	3	
nullsubmono_0146	900	1	48	0.0	0.01675	0.0	0.01551	0	0	5	
nullsubmono_0147	184	1	131	0.0	0.02763	0.0	0.01966	0	0	2	
nullsubmono_0148	116	1	190	0.0	0.0149	0.0	0.01648	0	0	4	
nullsubmono_0149	236	1	72	0.0	0.07255	0.0	0.01829	0	0	4	
nullsubmono_0150	68	1	305	0.0	0.05771	0.0	0.01562	0	0	4	
nullsubmono_0151	332	1	159	0.0	0.02967	0.0	0.01225	0	0	4	
nullsubmono_0152	132	1	121	0.0	0.04929	0.0	0.00386	0	0	4	
nullsubmono_0153	552	1	67	0.0	0.05613	0.0	0.01158	0	0	4	
nullsubmono_0154	46	1	646	0.0	0.0289	0.0	0.0005	0	0	2	
nullsubmono_0155	264	1	300	0.0	0.07977	0.0	0.01252	0	0	4	
nullsubmono_0156	330	1	158	0.0	0.01747	0.0	0.01847	0	0	2	
nullsubmono_0157	385	1	55	0.0	0.0301	0.0	0.00147	0	0	5	
nullsubmono_0158	252	1	166	0.0	0.00705	0.0	0.01286	0	0	3	
nullsubmono_0159	118	1	142	0.0	0.03586	0.0	0.01323	0	0	2	
nullsubmono_0160	220	1	416	0.0	0.04612	0.0	0.01295	0	0	2	
nullsubmono_0161	155	1	173	0.0	0.05692	0.0	0.01714	0	0	5	
nullsubmono_0162	205	1	235	0.0	0.01739	0.0	0.01438	0	0	5	
nullsubmono_0163	336	1	79	0.0	0.02308	0.0	0.01018	0	0	3	
nullsubmono_0164	270	1	130	0.0	0.03451	0.0	0.01056	0	0	2	
nullsubmono_0165	390	1	59	0.0	0.0233	0.0	0.00551	0	0	3	
nullsubmono_0166	138	1	208	0.0	0.04299	0.0	0.00706	0	0	3	
nullsubmono_0167	72	1	1014	0.0	0.06672	0.0	0.01464	0	0	4	
nullsubmono_0168	100	1	931	0.0	0.02292	0.0	0.00708	0	0	5	
nullsubmono_0169	268	1	58	0.0	0.0362	0.0	0.00845	0	0	4	
nullsubmono_0170	148	1	304	0.0	0.01033	0.0	0.01746	0	0	4	
nullsubmono_0171	286	1	100	0.0	0.02704	0.0	0.00651	0	0	2	
nullsubmono_0172	249	1	235	0.0	0.01037	0.0	0.00792	0	0	3	
nullsubmono_0173	90	1	388	0.0	0.07077	0.0	0.00083	0	0	2	
nullsubmono_0174	126	1	141	0.0	0.07996	0.0	0.01492	0	0	3	
nullsubmono_0175	190	1	175	0.0	0.01692	0.0	0.00854	0	0	5	
nullsubmono_0176	48	1	568	0.0	0.05353	0.0	0.01036	0	0	3	
nullsubmono_0177	68	1	550	0.0	0.06517	0.0	0.00375	0	0	2	
nullsubmono_0178	158	1	472	0.0	0.02552	0.0	0.0013	0	0	2	
nullsubmono_0179	296	1	191	0.0	0.05072	0.0	0.01721	0	0	4	
nullsubmono_0180	940	1	36	0.0	0.0325	0.0	0.00685	0	0	5	
nullsubmono_0181	72	1	1053	0.0	0.07275	0.0	0.00827	0	0	2	
nullsubmono_0182	240	1	105	0.0	0.02547	0.0	0.00558	0	0	5	
nullsubmono_0183	250	1	147	0.0	0.02095	0.0	0.00114	0	0	5	
nullsubmono_0184	69	1	237	0.0	0.01513	0.0	0.00333	0	0	3	
nullsubmono_0185	575	1	27	0.0	0.03547	0.0	0.00549	0	0	5	
nullsubmono_0186	237	1	186	0.0	0.01492	0.0	0.01906	0	0	3	
nullsubmono_0187	285	1	65	0.0	0.06178	0.0	0.00014	0	0	3	
nullsubmono_0188	130	1	749	0.0	0.00693	0.0	0.01378	0	0	5	
nullsubmono_0189	36	1	1391	0.0	0.07852	0.0	0.01223	0	0	2	
nullsubmono_0190	644	1	43	0.0	0.01225	0.0	0.0017	0	0	4	
nullsubmono_0191	528	1	48	0.0	0.04416	0.0	0.01147	0	0	3	
nullsubmono_0192	60	1	592	0.0	0.01245	0.0	0.01605	0	0	4	
nullsubmono_0193	216	1	397	0.0	0.07517	0.0	0.00082	0	0	3	
nullsubmono_0194	815	1	19	0.0	0.02057	0.0	0.00345	0	0	5	
nullsubmono_0195	248	1	128	0.0	0.0696	0.0	0.00357	0	0	4	
nullsubmono_0196	128	1	242	0.0	0.07424	0.0	0.01845	0	0	2	
nullsubmono_0197	86	1	189	0.0	0.03868	0.0	0.00828	0	0	2	
nullsubmono_0198	68	1	279	0.0	0.04922	0.0	0.01884	0	0	4	
nullsubmono_0199	45	1	1215	0.0	0.00547	0.0	0.01351	0	0	3	
horclean_0000	349	2	41	0.0897	0.03357	0.01567	0.01135	0	0	1	
horclean_0001	37	10	209	0.08698	0.00784	0.00954	0.01301	0	0	1	
horclean_0002	160	2	208	0.1855	0.05326	0.0084	0.00376	0	0	1	
horclean_0003	74	10	50	0.06551	0.02053	0.00812	0.01037	0	0	1	
horclean_0004	248	3	30	0.10673	0.0299	0.00124	0.01967	0	0	1	
horclean_0005	255	10	35	0.07436	0.04381	0.01076	0.01242	0	0	1	
horclean_0006	163	10	25	0.02385	0.02144	0.01097	0.00468	0	0	1	
horclean_0007	851	10	3	0.18539	0.03948	0.01667	0.00779	0	0	1	
horclean_0008	1001	10	4	0.08478	0.02471	0.01313	0.01962	0	0	1	
horclean_0009	118	10	41	0.19392	0.01805	0.00217	0.01685	0	0	1	
horclean_0010	774	2	25	0.10605	0.02417	0.01336	0.01429	0	0	1	
horclean_0011	65	3	259	0.21091	0.04777	0.01743	0.01189	0	0	1	
horclean_0012	92	8	45	0.03563	0.05264	0.01043	0.01324	0	0	1	
horclean_0013	1422	3	4	0.19167	0.0721	0.01888	0.01218	0	0	1	
horclean_0014	30	8	134	0.14393	0.06658	0.01003	0.00523	0	0	1	
horclean_0015	449	4	15	0.19535	0.01283	0.00418	0.01153	0	0	1	
horclean_0016	36	4	334	0.06676	0.07028	0.0104	0.00805	0	0	1	
horclean_0017	267	3	122	0.06811	0.04945	0.00034	0.01158	0	0	1	
horclean_0018	616	4	14	0.15412	0.01181	0.01277	0.01332	0	0	1	
horclean_0019	35	10	244	0.15932	0.05372	0.01408	0.01604	0	0	1	
horclean_0020	814	6	5	0.04362	0.07035	0.01921	0.01018	0	0	1	
horclean_0021	37	3	165	0.04619	0.05009	0.00531	0.00718	0	0	1	
horclean_0022	1611	6	2	0.23462	0.05615	0.01818	0.00432	0	0	1	
horclean_0023	51	2	309	0.20021	0.05087	0.01145	0.00596	0	0	1	
horclean_0024	1914	6	4	0.24905	0.05556	0.00861	0.00071	0	0	1	
horclean_0025	934	10	6	0.11788	0.0571	0.00763	0.00794	0	0	1	
horclean_0026	58	6	58	0.20253	0.03387	0.01806	0.01961	0	0	1	
horclean_0027	44	8	119	0.1605	0.06365	0.00156	0.01145	0	0	1	
horclean_0028	116	4	97	0.16806	0.07616	0.01754	0.01696	0	0	1	
horclean_0029	139	10	29	0.03693	0.03012	0.00546	0.00071	0	0	1	
horclean_0030	145	8	83	0.09913	0.05855	0.01319	0.01783	0	0	1	
horclean_0031	45	6	196	0.16088	0.0543	0.00144	0.01177	0	0	1	
horclean_0032	54	3	117	0.10716	0.01194	0.0179	0.00085	0	0	1	
horclean_0033	51	5	260	0.09993	0.01376	0.00471	0.01705	0	0	1	
horclean_0034	410	8	7	0.13046	0.04491	0.01759	0.01979	0	0	1	
horclean_0035	918	8	3	0.17388	0.03926	0.00207	0.00467	0	0	1	
horclean_0036	38	4	419	0.02967	0.04511	0.0193	0.00227	0	0	1	
horclean_0037	144	10	36	0.09871	0.02071	0.00915	0.01903	0	0	1	
horclean_0038	923	8	5	0.19639	0.05974	0.00831	0.01545	0	0	1	
horclean_0039	50	8	82	0.21192	0.04698	0.0136	0.00032	0	0	1	
horclean_0040	119	8	21	0.16169	0.01884	0.00851	0.01111	0	0	1	
horclean_0041	876	10	3	0.08628	0.07677	0.0034	0.00342	0	0	1	
horclean_0042	510	5	27	0.17125	0.04724	0.00259	0.00403	0	0	1	
horclean_0043	71	6	64	0.06465	0.07041	0.01313	0.01989	0	0	1	
horclean_0044	54	8	170	0.18741	0.07995	0.01464	0.01799	0	0	1	
horclean_0045	33	2	487	0.14704	0.03136	0.01852	0.00014	0	0	1	
horclean_0046	39	10	74	0.19896	0.07407	0.00594	0.00139	0	0	1	
horclean_0047	1720	4	11	0.21524	0.04593	0.00659	0.01244	0	0	1	
horclean_0048	551	3	10	0.09605	0.01626	0.01192	0.01212	0	0	1	
horclean_0049	32	10	179	0.09938	0.02906	0.00873	0.01213	0	0	1	
horclean_0050	246	3	36	0.14533	0.03814	0.00554	0.00567	0	0	1	
horclean_0051	43	5	400	0.19062	0.03867	0.00946	0.01437	0	0	1	
horclean_0052	866	6	5	0.18846	0.03013	0.01742	0.0056	0	0	1	
horclean_0053	71	8	129	0.177	0.0752	0.00606	0.00932	0	0	1	
horclean_0054	50	10	101	0.19176	0.06774	0.00841	0.01963	0	0	1	
horclean_0055	381	8	5	0.20797	0.03619	0.01341	0.00535	0	0	1	
horclean_0056	1109	6	6	0.0855	0.05366	0.00217	0.00883	0	0	1	
horclean_0057	362	4	19	0.08468	0.04162	0.00592	0.01772	0	0	1	
horclean_0058	242	6	35	0.24698	0.02199	0.00635	0.006	0	0	1	
horclean_0059	39	2	424	0.08091	0.03967	0.0109	0.0018	0	0	1	
horclean_0060	126	10	44	0.06838	0.04524	0.01155	0.00777	0	0	1	
horclean_0061	157	6	17	0.12169	0.06464	0.01722	0.00161	0	0	1	
horclean_0062	242	8	29	0.02766	0.03928	0.01977	0.001	0	0	1	
horclean_0063	374	4	59	0.16484	0.01982	0.01799	0.0089	0	0	1	
horclean_0064	684	4	8	0.07923	0.06191	0.009	0.0196	0	0	1	
horclean_0065	1253	8	9	0.23949	0.04543	0.01435	0.0103	0	0	1	
horclean_0066	192	4	96	0.19061	0.07742	0.01669	0.00391	0	0	1	
horclean_0067	69	10	79	0.18081	0.07252	0.01845	0.00217	0	0	1	
horclean_0068	530	5	14	0.04782	0.00571	0.01578	0.01206	0	0	1	
horclean_0069	149	4	31	0.05961	0.06092	0.01889	0.00706	0	0	1	
horclean_0070	197	2	185	0.14358	0.06329	0.01683	0.01468	0	0	1	
horclean_0071	534	5	29	0.0875	0.03334	0.00478	0.00446	0	0	1	
horclean_0072	51	2	188	0.20877	0.07519	0.01158	0.00991	0	0	1	
horclean_0073	769	6	5	0.07844	0.0032	0.01174	0.00779	0	0	1	
horclean_0074	236	2	33	0.23042	0.03753	0.00094	0.00988	0	0	1	
horclean_0075	75	6	142	0.08344	0.00325	0.00315	0.01127	0	0	1	
horclean_0076	1418	6	2	0.13725	0.01437	0.01973	0.01146	0	0	1	
horclean_0077	746	10	9	0.13769	0.03164	0.00863	0.01984	0	0	1	
horclean_0078	1299	5	5	0.02657	0.05263	0.00757	0.01745	0	0	1	
horclean_0079	139	3	39	0.02851	0.04691	0.00754	0.01005	0	0	1	
horclean_0080	130	6	78	0.05326	0.0097	0.00189	0.00985	0	0	1	
horclean_0081	388	8	30	0.04303	0.06952	0.0103	0.00907	0	0	1	
horclean_0082	298	4	15	0.21897	0.04727	0.00608	0.00657	0	0	1	
horclean_0083	1513	8	5	0.22357	0.03101	0.01952	0.00225	0	0	1	
horclean_0084	299	6	45	0.14276	0.00867	0.00151	0.00427	0	0	1	
horclean_0085	1029	8	2	0.1843	0.02015	0.01886	0.00153	0	0	1	
horclean_0086	431	2	64	0.10929	0.00629	0.0135	0.01024	0	0	1	
horclean_0087	33	6	115	0.13122	0.05819	0.0083	0.0034	0	0	1	
horclean_0088	279	6	13	0.20262	0.07434	0.00091	0.0141	0	0	1	
horclean_0089	964	4	21	0.02915	0.05805	0.00508	0.00581	0	0	1	
horclean_0090	1789	8	2	0.15334	0.00616	0.00691	0.00372	0	0	1	
horclean_0091	484	6	32	0.18739	0.03142	0.00059	0.00338	0	0	1	
horclean_0092	382	3	15	0.17237	0.04972	0.00443	0.01715	0	0	1	
horclean_0093	142	10	34	0.22411	0.02192	0.01564	0.01434	0	0	1	
horclean_0094	229	10	10	0.18457	0.02498	0.0172	0.00244	0	0	1	
horclean_0095	612	2	29	0.22665	0.02459	0.0188	0.00855	0	0	1	
horclean_0096	519	4	24	0.07309	0.02627	0.01432	0.01636	0	0	1	
horclean_0097	563	8	20	0.20012	0.06738	0.00318	0.00124	0	0	1	
horclean_0098	192	8	31	0.22204	0.0149	0.01259	0.01264	0	0	1	
horclean_0099	58	10	52	0.13784	0.00702	0.00882	0.01771	0	0	1	
horclean_0100	419	2	50	0.23879	0.07396	0.01261	0.00591	0	0	1	
horclean_0101	33	6	190	0.19184	0.05705	0.00537	0.01597	0	0	1	
horclean_0102	195	10	47	0.13952	0.04538	0.01936	0.01937	0	0	1	
horclean_0103	372	10	22	0.13734	0.07495	0.01269	0.00325	0	0	1	
horclean_0104	89	2	440	0.13603	0.03224	0.01273	0.01065	0	0	1	
horclean_0105	704	5	6	0.06628	0.05964	0.00015	0.00797	0	0	1	
horclean_0106	73	6	168	0.19038	0.02554	0.01744	0.00872	0	0	1	
horclean_0107	60	8	203	0.23261	0.07854	0.00023	0.01175	0	0	1	
horclean_0108	86	4	137	0.10639	0.03075	0.01798	0.00046	0	0	1	
horclean_0109	481	2	52	0.12531	0.01934	0.00495	0.00316	0	0	1	
horclean_0110	33	6	438	0.17654	0.05334	0.01412	0.01937	0	0	1	
horclean_0111	1186	10	2	0.20445	0.00662	0.00042	0.01362	0	0	1	
horclean_0112	86	8	71	0.09398	0.01348	0.00171	0.0042	0	0	1	
horclean_0113	52	6	187	0.1868	0.03383	0.01207	0.01599	0	0	1	
horclean_0114	412	8	8	0.08818	0.04034	0.00051	0.00609	0	0	1	
horclean_0115	766	10	2	0.15	0.02327	0.00134	0.01167	0	0	1	
horclean_0116	395	8	6	0.0341	0.07147	0.01249	0.01098	0	0	1	
horclean_0117	1046	6	8	0.02409	0.06395	0.00265	0.01466	0	0	1	
horclean_0118	116	10	79	0.08297	0.07021	0.0109	0.00201	0	0	1	
horclean_0119	135	4	30	0.21439	0.01123	0.00562	0.01556	0	0	1	
horclean_0120	996	2	48	0.22108	0.05232	0.00349	0.01839	0	0	1	
horclean_0121	90	2	221	0.14512	0.06682	0.01918	0.00711	0	0	1	
horclean_0122	48	3	188	0.12771	0.05309	0.00108	0.00284	0	0	1	
horclean_0123	1719	4	10	0.2331	0.05597	0.01657	0.00427	0	0	1	
horclean_0124	1039	3	11	0.22448	0.00985	0.01067	0.01968	0	0	1	
horclean_0125	860	4	9	0.22414	0.03779	0.01839	0.00982	0	0	1	
horclean_0126	316	8	15	0.20374	0.0428	0.01714	0.00979	0	0	1	
horclean_0127	103	6	45	0.20119	0.03905	0.00345	0.00688	0	0	1	
horclean_0128	1242	6	3	0.02889	0.04548	0.01323	0.01593	0	0	1	
horclean_0129	1230	4	15	0.23535	0.07216	0.00231	0.00207	0	0	1	
horclean_0130	1177	2	15	0.0391	0.02125	0.00757	0.01237	0	0	1	
horclean_0131	392	4	60	0.07732	0.01698	0.00066	0.01833	0	0	1	
horclean_0132	450	6	9	0.05676	0.04863	0.00211	0.01279	0	0	1	
horclean_0133	1592	2	11	0.18502	0.0656	0.00553	0.0065	0	0	1	
horclean_0134	79	8	35	0.10674	0.01033	0.01251	0.01197	0	0	1	
horclean_0135	642	10	14	0.06402	0.07797	0.0089	0.00625	0	0	1	
horclean_0136	215	2	177	0.1886	0.05898	0.00402	0.00109	0	0	1	
horclean_0137	471	6	12	0.05008	0.048	0.00672	0.01414	0	0	1	
horclean_0138	200	10	49	0.14529	0.04576	0.00716	0.0172	0	0	1	
horclean_0139	1323	4	6	0.19715	0.06724	0.0182	0.01464	0	0	1	
horclean_0140	96	6	46	0.03962	0.0642	0.01592	0.00614	0	0	1	
horclean_0141	42	8	67	0.06229	0.07465	0.00105	0.01715	0	0	1	
horclean_0142	47	4	157	0.09991	0.06278	0.00572	0.01931	0	0	1	
horclean_0143	101	2	149	0.14133	0.00844	0.01437	0.01107	0	0	1	
horclean_0144	889	5	8	0.23175	0.07333	0.01275	0.01733	0	0	1	
horclean_0145	582	10	6	0.12095	0.05523	0.01159	0.01918	0	0	1	
horclean_0146	734	6	10	0.05491	0.01354	0.01862	0.01971	0	0	1	
horclean_0147	914	8	8	0.18731	0.02424	0.00633	0.00387	0	0	1	
horclean_0148	869	8	3	0.10994	0.0401	0.00334	0.01783	0	0	1	
horclean_0149	166	4	132	0.02296	0.07866	0.01659	0.00548	0	0	1	
horclean_0150	361	6	46	0.12251	0.03088	0.0082	0.015	0	0	1	
horclean_0151	169	8	48	0.11511	0.01004	0.01474	0.00176	0	0	1	
horclean_0152	109	2	287	0.15419	0.01431	0.01048	0.00974	0	0	1	
horclean_0153	397	6	41	0.21751	0.06284	0.01999	0.01537	0	0	1	
horclean_0154	597	6	21	0.13955	0.00924	0.01239	0.01298	0	0	1	
horclean_0155	116	2	355	0.21353	0.05904	0.01253	0.00052	0	0	1	
horclean_0156	1566	3	8	0.08838	0.04978	0.0039	0.01783	0	0	1	
horclean_0157	1776	2	11	0.14141	0.05203	0.00069	0.00426	0	0	1	
horclean_0158	93	6	67	0.23332	0.0628	0.01037	0.0088	0	0	1	
horclean_0159	1784	4	8	0.11148	0.04172	0.00866	0.01396	0	0	1	
horclean_0160	147	10	14	0.03571	0.06017	0.01006	0.01842	0	0	1	
horclean_0161	67	10	35	0.1477	0.06043	0.01123	0.0197	0	0	1	
horclean_0162	1098	5	4	0.11471	0.01981	0.00429	0.00228	0	0	1	
horclean_0163	600	6	7	0.17033	0.04766	0.01192	0.01918	0	0	1	
horclean_0164	1708	10	2	0.21033	0.05005	0.01006	0.01336	0	0	1	
horclean_0165	38	8	125	0.15749	0.02455	0.016	0.01482	0	0	1	
horclean_0166	572	2	25	0.08335	0.06393	0.00053	0.00773	0	0	1	
horclean_0167	658	5	8	0.0453	0.03848	0.00808	0.00297	0	0	1	
horclean_0168	76	2	120	0.09712	0.01388	0.00381	0.01686	0	0	1	
horclean_0169	1531	5	7	0.2112	0.01066	0.00459	0.01447	0	0	1	
horclean_0170	92	8	46	0.11937	0.02263	0.004	0.01091	0	0	1	
horclean_0171	707	2	13	0.10032	0.04994	0.01501	0.00793	0	0	1	
horclean_0172	199	10	8	0.10424	0.07222	0.00399	0.00793	0	0	1	
horclean_0173	1961	4	3	0.0397	0.05128	0.0104	0.01122	0	0	1	
horclean_0174	1664	3	3	0.17855	0.05191	0.01925	0.00818	0	0	1	
horclean_0175	91	8	102	0.08292	0.00381	0.00955	0.00658	0	0	1	
horclean_0176	161	2	164	0.19314	0.01293	0.00762	0.01399	0	0	1	
horclean_0177	1757	3	8	0.1466	0.01193	0.01508	0.00184	0	0	1	
horclean_0178	146	6	21	0.07929	0.01199	0.0169	0.0032	0	0	1	
horclean_0179	776	8	5	0.12572	0.03207	0.0128	0.01477	0	0	1	
horclean_0180	105	10	36	0.07709	0.0577	0.01403	0.00559	0	0	1	
horclean_0181	31	5	122	0.19495	0.05917	0.01105	0.00062	0	0	1	
horclean_0182	1471	4	4	0.20252	0.06682	0.00373	0.01112	0	0	1	
horclean_0183	1733	5	10	0.21078	0.0154	0.00199	0.01076	0	0	1	
horclean_0184	190	8	22	0.20328	0.0494	0.0099	0.00804	0	0	1	
horclean_0185	779	2	20	0.13306	0.0735	0.01793	0.00791	0	0	1	
horclean_0186	311	2	84	0.15503	0.05938	0.0147	0.00581	0	0	1	
horclean_0187	244	5	70	0.10388	0.02237	0.00245	0.01226	0	0	1	
horclean_0188	44	3	757	0.162	0.06391	0.00811	0.01293	0	0	1	
horclean_0189	706	2	19	0.12676	0.00825	0.01126	0.01458	0	0	1	
horclean_0190	1019	4	14	0.06675	0.06707	0.00759	0.00574	0	0	1	
horclean_0191	80	6	159	0.06811	0.01432	0.00375	0.00446	0	0	1	
horclean_0192	37	2	1131	0.21189	0.07692	0.01489	0.01914	0	0	1	
horclean_0193	202	4	66	0.21098	0.05941	0.01399	0.01923	0	0	1	
horclean_0194	989	3	7	0.07153	0.00539	0.00703	0.00972	0	0	1	
horclean_0195	260	4	75	0.18035	0.01831	0.01839	0.01346	0	0	1	
horclean_0196	97	8	90	0.06577	0.07465	0.00327	0.01884	0	0	1	
horclean_0197	316	6	36	0.23194	0.04652	0.01447	0.01321	0	0	1	
horclean_0198	1411	4	3	0.06889	0.07973	0.00283	0.00858	0	0	1	
horclean_0199	88	6	94	0.11832	0.04142	0.01888	0.00066	0	0	1	
horclean_0200	96	8	71	0.22954	0.06782	0.01529	0.01658	0	0	1	
horclean_0201	629	10	15	0.04885	0.04494	0.00956	0.00996	0	0	1	
horclean_0202	450	4	14	0.07978	0.00364	0.01431	0.01329	0	0	1	
horclean_0203	57	10	55	0.23285	0.02027	0.00358	0.00143	0	0	1	
horclean_0204	125	2	113	0.10218	0.06031	0.01817	0.01212	0	0	1	
horclean_0205	42	5	298	0.03398	0.02109	0.00659	0.00313	0	0	1	
horclean_0206	301	4	13	0.15229	0.0181	0.00593	0.00878	0	0	1	
horclean_0207	1930	2	6	0.03446	0.0399	0.01687	0.00464	0	0	1	
horclean_0208	1851	3	6	0.09637	0.06482	0.00959	0.00631	0	0	1	
horclean_0209	428	6	23	0.11628	0.0117	0.01189	0.00256	0	0	1	
horclean_0210	57	4	115	0.24812	0.0751	0.0192	0.01126	0	0	1	
horclean_0211	48	8	39	0.18313	0.05395	0.01082	0.01138	0	0	1	
horclean_0212	220	5	61	0.07982	0.07399	0.00105	0.01852	0	0	1	
horclean_0213	79	4	316	0.24842	0.01831	0.00122	0.00147	0	0	1	
horclean_0214	255	6	55	0.1669	0.03653	0.01381	0.01003	0	0	1	
horclean_0215	1664	6	6	0.02957	0.03487	0.01946	0.01443	0	0	1	
horclean_0216	48	2	446	0.19367	0.01991	0.01594	0.00953	0	0	1	
horclean_0217	424	8	15	0.12511	0.0441	0.00866	0.01089	0	0	1	
horclean_0218	39	5	83	0.19682	0.07709	0.01764	0.01022	0	0	1	
horclean_0219	41	4	448	0.2429	0.00537	0.01638	0.01917	0	0	1	
horclean_0220	711	10	7	0.04139	0.04488	0.01652	0.01441	0	0	1	
horclean_0221	288	4	39	0.22402	0.05982	0.00595	0.01895	0	0	1	
horclean_0222	614	8	7	0.14751	0.00329	0.01288	0.00013	0	0	1	
horclean_0223	57	3	138	0.05799	0.05664	0.00589	0.0166	0	0	1	
horclean_0224	232	8	22	0.05803	0.00881	0.01945	0.0113	0	0	1	
horclean_0225	166	4	45	0.21647	0.01531	0.01372	0.01797	0	0	1	
horclean_0226	181	3	149	0.12416	0.00498	0.01339	0.01324	0	0	1	
horclean_0227	179	8	10	0.04385	0.0035	0.00791	0.00326	0	0	1	
horclean_0228	56	2	891	0.09269	0.02556	0.01958	0.0168	0	0	1	
horclean_0229	55	2	142	0.24117	0.01948	0.00692	0.0077	0	0	1	
horclean_0230	299	10	7	0.04215	0.02173	0.00123	0.00889	0	0	1	
horclean_0231	1608	8	2	0.20782	0.00984	0.00326	0.01489	0	0	1	
horclean_0232	1121	2	11	0.14846	0.02387	0.0087	0.0161	0	0	1	
horclean_0233	118	2	344	0.07952	0.05671	0.00265	0.01933	0	0	1	
horclean_0234	747	3	7	0.21696	0.05778	0.01147	0.01039	0	0	1	
horclean_0235	48	2	321	0.06735	0.00548	0.01852	0.01758	0	0	1	
horclean_0236	383	6	28	0.19858	0.01908	0.00274	0.00216	0	0	1	
horclean_0237	482	8	6	0.14496	0.04915	0.01574	0.00106	0	0	1	
horclean_0238	55	4	100	0.11669	0.02013	0.01009	0.00909	0	0	1	
horclean_0239	43	6	338	0.17167	0.06117	0.01614	0.01404	0	0	1	
horclean_0240	662	8	8	0.02924	0.0427	0.00106	0.01811	0	0	1	
horclean_0241	742	10	3	0.09037	0.06325	0.00129	0.00254	0	0	1	
horclean_0242	148	3	157	0.23883	0.05336	0.00767	0.01452	0	0	1	
horclean_0243	1184	10	3	0.24943	0.04912	0.00844	0.01613	0	0	1	
horclean_0244	41	8	79	0.08471	0.06579	0.00407	0.00303	0	0	1	
horclean_0245	1574	2	21	0.03866	0.04566	0.00314	0.002	0	0	1	
horclean_0246	342	6	14	0.07324	0.0058	0.01064	0.01732	0	0	1	
horclean_0247	64	4	88	0.10069	0.03679	0.01049	0.00747	0	0	1	
horclean_0248	97	2	131	0.16645	0.03827	0.01512	0.01546	0	0	1	
horclean_0249	242	8	11	0.12967	0.0621	0.00835	0.00713	0	0	1	
horstrong_0000	38	10	55	0.05426	0.06325	0.00694	0.00017	59	0	1	
horstrong_0001	168	3	47	0.06772	0.03947	0.00919	0.0106	15	0	1	
horstrong_0002	84	3	174	0.07384	0.0388	0.00411	0.01941	135	0	1	
horstrong_0003	77	2	267	0.24151	0.04626	0.01381	0.01538	85	0	1	
horstrong_0004	38	6	239	0.19961	0.0101	0.00844	0.01326	256	0	1	
horstrong_0005	81	6	34	0.1715	0.04501	0.0192	0.01873	44	0	1	
horstrong_0006	62	6	150	0.09206	0.04054	0.00684	0.0086	223	0	1	
horstrong_0007	60	4	159	0.18236	0.04206	0.00936	0.00706	238	0	1	
horstrong_0008	68	2	689	0.13943	0.01549	0.01041	0.00841	491	0	1	
horstrong_0009	183	8	25	0.24904	0.07542	0.0079	0.00525	28	0	1	
horstrong_0010	1933	10	2	0.0878	0.02492	0.01932	0.00571	0	0	1	
horstrong_0011	109	8	25	0.12624	0.05203	0.01268	0.01497	18	0	1	
horstrong_0012	34	10	46	0.12653	0.02035	0.00771	0.00992	28	0	1	
horstrong_0013	165	2	133	0.05598	0.02476	0.00232	0.01054	118	0	1	
horstrong_0014	715	2	33	0.10034	0.07152	0.00844	0.00196	11	0	1	
horstrong_0015	716	4	30	0.02511	0.02081	0.00857	0.00757	13	0	1	
horstrong_0016	1678	6	3	0.22794	0.03523	0.01609	0.00512	3	0	1	
horstrong_0017	107	2	93	0.1744	0.07008	0.00846	0.00827	110	0	1	
horstrong_0018	49	8	40	0.05463	0.04469	0.00621	0.01544	59	0	1	
horstrong_0019	356	6	17	0.06112	0.0376	0.01353	0.01964	6	0	1	
horstrong_0020	34	4	726	0.20699	0.07463	0.01864	0.01681	599	0	1	
horstrong_0021	105	6	110	0.24939	0.06619	0.01986	0.0155	77	0	1	
horstrong_0022	50	5	88	0.04225	0.0049	0.01717	0.01409	121	0	1	
horstrong_0023	1698	6	6	0.04809	0.00994	0.00057	0.0144	5	0	1	
horstrong_0024	118	6	88	0.18495	0.01628	0.0151	0.01764	64	0	1	
horstrong_0025	477	8	7	0.032	0.04395	0.01377	0.0165	10	0	1	
horstrong_0026	422	8	12	0.10448	0.07632	0.00077	0.01301	17	0	1	
horstrong_0027	598	8	9	0.10965	0.00444	0.01089	0.00911	5	0	1	
horstrong_0028	1986	6	2	0.15896	0.02983	0.01666	0.01165	3	0	1	
horstrong_0029	158	4	61	0.10587	0.03006	0.00845	0.01776	20	0	1	
horstrong_0030	67	8	41	0.21207	0.05152	0.00439	0.00648	41	0	1	
horstrong_0031	109	2	162	0.14984	0.04084	0.01259	0.0136	128	0	1	
horstrong_0032	972	4	16	0.14489	0.06312	0.01673	0.01162	11	0	1	
horstrong_0033	748	6	6	0.21836	0.01091	0.0028	0.00405	9	0	1	
horstrong_0034	72	6	38	0.15275	0.02407	0.00151	0.00089	38	0	1	
horstrong_0035	875	5	5	0.20696	0.01014	0.01733	0.01542	6	0	1	
horstrong_0036	123	8	18	0.19655	0.0687	0.00438	0.01499	5	0	1	
horstrong_0037	49	10	50	0.23634	0.03821	0.01389	0.01628	37	0	1	
horstrong_0038	175	5	47	0.02473	0.01208	0.01288	0.0051	37	0	1	
horstrong_0039	1723	5	5	0.05013	0.05364	0.00254	0.01741	2	0	1	
horstrong_0040	1926	10	2	0.19966	0.01835	0.01522	0.01181	3	0	1	
horstrong_0041	389	4	31	0.0371	0.02494	0.00224	0.00127	12	0	1	
horstrong_0042	190	3	153	0.04797	0.01605	0.0012	0.0074	88	0	1	
horstrong_0043	604	8	14	0.03729	0.02882	0.00729	0.00854	12	0	1	
horstrong_0044	289	6	41	0.24281	0.04644	0.01027	0.00959	8	0	1	
horstrong_0045	326	10	20	0.10356	0.02543	0.00964	0.01983	5	0	1	
horstrong_0046	315	5	35	0.1067	0.06665	0.01052	0.01642	25	0	1	
horstrong_0047	333	6	19	0.04974	0.02113	0.01438	0.01056	6	0	1	
horstrong_0048	62	4	146	0.24166	0.0501	0.00987	0.00229	103	0	1	
horstrong_0049	123	3	114	0.09858	0.03229	0.00166	0.0179	73	0	1	
horstrong_0050	473	4	9	0.06664	0.0091	0.00147	0.00851	9	0	1	
horstrong_0051	376	2	31	0.07417	0.00439	0.01112	0.01313	44	0	1	
horstrong_0052	77	5	244	0.10695	0.01356	0.00377	0.00175	180	0	1	
horstrong_0053	59	6	66	0.09693	0.05653	0.00375	0.01158	66	0	1	
horstrong_0054	760	6	6	0.04153	0.07843	0.01684	0.0092	5	0	1	
horstrong_0055	209	8	11	0.10417	0.07341	0.01209	0.01799	3	0	1	
horstrong_0056	82	4	71	0.14179	0.02582	0.00364	0.01045	59	0	1	
horstrong_0057	1876	2	8	0.17596	0.06255	0.01851	0.01824	11	0	1	
horstrong_0058	180	8	30	0.23905	0.02733	0.01641	0.00827	32	0	1	
horstrong_0059	1192	2	20	0.03659	0.06315	0.01124	0.01289	13	0	1	
horstrong_0060	733	2	58	0.24455	0.05992	0.00742	0.01197	49	0	1	
horstrong_0061	752	5	16	0.16134	0.06938	0.00363	0.00689	15	0	1	
horstrong_0062	605	10	3	0.05735	0.03735	0.01592	0.01656	3	0	1	
horstrong_0063	1854	3	4	0.1376	0.0356	0.00483	0.008	5	0	1	
horstrong_0064	1926	2	21	0.21427	0.01119	0.01093	0.01667	9	0	1	
horstrong_0065	379	10	11	0.04773	0.02544	0.00125	0.00025	5	0	1	
horstrong_0066	1126	5	8	0.24472	0.03264	0.00609	0.01935	4	0	1	
horstrong_0067	83	2	103	0.21615	0.03356	0.01397	0.00449	96	0	1	
horstrong_0068	767	3	10	0.20388	0.05903	0.01847	0.01285	14	0	1	
horstrong_0069	78	6	161	0.0373	0.02356	0.00729	0.00067	177	0	1	
horstrong_0070	35	10	202	0.03376	0.07868	0.00736	0.01563	115	0	1	
horstrong_0071	253	6	58	0.21226	0.07656	0.00747	2e-05	61	0	1	
horstrong_0072	163	10	48	0.24268	0.02148	0.00647	0.01948	23	0	1	
horstrong_0073	72	3	167	0.20994	0.05346	0.008	0.01027	207	0	1	
horstrong_0074	81	3	327	0.22124	0.03033	0.00897	0.0034	188	0	1	
horstrong_0075	575	8	5	0.20039	0.0456	0.01097	0.00582	6	0	1	
horstrong_0076	1466	2	14	0.07318	0.02661	0.01079	0.00713	8	0	1	
horstrong_0077	925	3	7	0.21135	0.05811	0.00761	0.00934	10	0	1	
horstrong_0078	97	4	248	0.11799	0.03418	0.01689	0.01333	99	0	1	
horstrong_0079	1465	5	2	0.10451	0.04197	0.0092	0.01948	2	0	1	
horstrong_0080	948	4	5	0.10654	0.03983	0.01568	0.01435	7	0	1	
horstrong_0081	97	10	19	0.06621	0.02334	0.00791	0.00319	28	0	1	
horstrong_0082	148	3	50	0.08433	0.02904	0.00333	0.00322	33	0	1	
horstrong_0083	36	3	273	0.1283	0.07831	0.01696	0.01923	348	0	1	
horstrong_0084	381	4	20	0.18531	0.01202	0.01037	0.0091	11	0	1	
horstrong_0085	227	3	78	0.09301	0.01784	0.00309	0.00837	107	0	1	
horstrong_0086	1440	8	2	0.06965	0.06014	0.01371	0.01964	2	0	1	
horstrong_0087	1745	8	5	0.17145	0.03436	0.00243	0.00982	1	0	1	
horstrong_0088	130	3	234	0.04142	0.0465	0.01165	0.00627	214	0	1	
horstrong_0089	190	6	26	0.12989	0.05687	0.00515	0.01141	17	0	1	
horstrong_0090	98	5	95	0.22674	0.04179	0.00802	0.00584	130	0	1	
horstrong_0091	63	4	112	0.09527	0.01017	0.00963	0.01891	76	0	1	
horstrong_0092	165	3	85	0.18208	0.0147	0.0122	0.0153	127	0	1	
horstrong_0093	42	5	305	0.02423	0.06578	0.01731	0.01375	177	0	1	
horstrong_0094	61	5	87	0.19655	0.03535	0.00067	0.01068	99	0	1	
horstrong_0095	99	8	79	0.02536	0.01044	0.01024	0.01312	77	0	1	
horstrong_0096	658	2	52	0.02882	0.03515	0.00353	0.00395	42	0	1	
horstrong_0097	43	8	99	0.20104	0.03472	0.0134	0.00774	66	0	1	
horstrong_0098	44	10	159	0.19472	0.0711	0.01714	0.00917	99	0	1	
horstrong_0099	323	5	61	0.1681	0.04671	0.01053	0.00559	33	0	1	
horstrong_0100	37	2	960	0.22873	0.04078	0.00596	0.0075	1172	0	1	
horstrong_0101	1563	2	10	0.04631	0.05911	0.01434	0.01713	3	0	1	
horstrong_0102	975	4	7	0.19177	0.04848	0.0106	0.01377	4	0	1	
horstrong_0103	180	10	18	0.10069	0.05632	0.0088	0.0101	8	0	1	
horstrong_0104	41	8	117	0.06609	0.00488	0.01091	0.00669	112	0	1	
horstrong_0105	543	10	11	0.22351	0.00416	0.01682	0.00735	15	0	1	
horstrong_0106	649	6	13	0.0356	0.02854	0.00171	0.00875	15	0	1	
horstrong_0107	1344	2	13	0.24784	0.01752	0.00199	0.00806	13	0	1	
horstrong_0108	75	2	478	0.12735	0.07808	0.01552	0.00262	605	0	1	
horstrong_0109	145	4	62	0.19896	0.01776	0.00759	0.00985	44	0	1	
horstrong_0110	50	3	424	0.02535	0.04069	0.01032	0.00713	96	0	1	
horstrong_0111	543	5	16	0.08868	0.06681	0.01766	0.01324	7	0	1	
horstrong_0112	72	2	173	0.11077	0.06022	0.0043	0.00104	166	0	1	
horstrong_0113	387	3	41	0.06505	0.02233	0.00474	0.01459	30	0	1	
horstrong_0114	190	6	85	0.21044	0.0556	0.01307	0.01724	53	0	1	
horstrong_0115	65	6	109	0.03034	0.00951	0.01788	0.01037	94	0	1	
horstrong_0116	33	2	445	0.1521	0.00732	0.0174	0.01744	343	0	1	
horstrong_0117	149	5	129	0.06294	0.02284	0.01533	0.0019	187	0	1	
horstrong_0118	142	3	52	0.22157	0.00951	0.01176	0.018	17	0	1	
horstrong_0119	62	5	80	0.19547	0.0249	0.00626	0.01055	75	0	1	
horstrong_0120	59	2	721	0.10672	0.06992	0.00643	0.00547	1077	0	1	
horstrong_0121	370	6	36	0.1511	0.03018	0.00684	0.00423	27	0	1	
horstrong_0122	100	2	477	0.0685	0.06551	0.00432	0.01413	205	0	1	
horstrong_0123	599	2	14	0.17153	0.05368	0.00525	0.00315	6	0	1	
horstrong_0124	35	3	163	0.13599	0.06635	0.01293	0.00233	140	0	1	
horstrong_0125	1561	10	5	0.02499	0.06235	0.00841	0.01703	4	0	1	
horstrong_0126	81	8	43	0.14911	0.06972	0.01058	0.00918	16	0	1	
horstrong_0127	63	6	124	0.10561	0.03917	0.00039	0.00791	44	0	1	
horstrong_0128	30	6	336	0.08039	0.02091	0.00515	0.01013	238	0	1	
horstrong_0129	166	6	24	0.10008	0.05035	0.00294	0.01775	30	0	1	
horstrong_0130	697	5	18	0.12865	0.05006	0.00277	0.00535	17	0	1	
horstrong_0131	141	5	60	0.20668	0.03248	0.00348	0.00959	88	0	1	
horstrong_0132	130	2	272	0.23032	0.06608	0.01379	0.01969	354	0	1	
horstrong_0133	441	5	28	0.21238	0.03551	0.0054	0.01966	40	0	1	
horstrong_0134	45	2	533	0.03616	0.05246	0.00034	0.01041	350	0	1	
horstrong_0135	39	8	59	0.10681	0.06606	0.01479	0.00909	18	0	1	
horstrong_0136	1424	10	7	0.17042	0.05479	0.00114	0.00763	4	0	1	
horstrong_0137	195	4	34	0.15322	0.03728	0.01683	0.00923	16	0	1	
horstrong_0138	597	5	13	0.03446	0.00358	0.01081	0.01438	10	0	1	
horstrong_0139	1174	5	4	0.12506	0.02056	0.00565	0.00981	2	0	1	
horstrong_0140	627	3	9	0.07895	0.0118	0.00769	0.01958	3	0	1	
horstrong_0141	46	2	201	0.17383	0.04802	0.01358	0.00656	251	0	1	
horstrong_0142	99	4	135	0.07264	0.01086	0.01209	0.01656	87	0	1	
horstrong_0143	255	6	26	0.12826	0.05187	0.01331	0.00898	22	0	1	
horstrong_0144	33	10	53	0.21215	0.05844	0.00064	0.01839	25	0	1	
horstrong_0145	339	4	21	0.23365	0.01302	0.01147	0.00269	25	0	1	
horstrong_0146	93	2	111	0.06219	0.02275	0.01884	0.00276	144	0	1	
horstrong_0147	118	4	182	0.23021	0.04316	0.01063	0.01462	83	0	1	
horstrong_0148	1501	10	3	0.12883	0.01185	0.01844	0.00103	4	0	1	
horstrong_0149	72	2	320	0.10201	0.0428	0.0193	0.01133	101	0	1	
horstrong_0150	914	6	8	0.08188	0.06059	0.0076	0.00713	4	0	1	
horstrong_0151	74	8	55	0.22739	0.00366	0.00298	0.00528	20	0	1	
horstrong_0152	253	2	44	0.21908	0.02954	0.01843	0.00776	27	0	1	
horstrong_0153	177	8	41	0.11531	0.02556	0.01584	0.01461	44	0	1	
horstrong_0154	1817	4	8	0.19153	0.00686	0.01145	0.01763	11	0	1	
horstrong_0155	248	3	48	0.06456	0.00486	0.00731	0.00513	38	0	1	
horstrong_0156	1918	10	2	0.2349	0.0066	0.0079	0.0181	1	0	1	
horstrong_0157	46	5	155	0.14988	0.05269	0.01725	0.01617	213	0	1	
horstrong_0158	920	6	4	0.0641	0.00356	0.0167	0.01807	4	0	1	
horstrong_0159	38	5	173	0.24284	0.06869	0.01357	0.00143	177	0	1	
horstrong_0160	546	5	6	0.08511	0.07396	0.01251	0.01684	4	0	1	
horstrong_0161	626	6	16	0.03075	0.03195	0.01471	0.001	21	0	1	
horstrong_0162	197	3	70	0.13983	0.01704	0.01131	0.0072	72	0	1	
horstrong_0163	149	10	55	0.16207	0.07613	0.01623	0.00047	59	0	1	
horstrong_0164	1434	8	2	0.20789	0.01164	0.00455	0.00578	1	0	1	
horstrong_0165	94	2	159	0.1602	0.01913	0.00582	0.00832	128	0	1	
horstrong_0166	45	6	134	0.17059	0.06034	0.01779	0.01382	142	0	1	
horstrong_0167	977	3	11	0.15545	0.01589	0.00871	0.00745	9	0	1	
horstrong_0168	873	4	6	0.05752	0.03197	0.00687	0.00104	1	0	1	
horstrong_0169	79	8	31	0.03702	0.01015	0.01012	0.01898	10	0	1	
horstrong_0170	1595	6	2	0.07467	0.03986	0.01047	0.00725	3	0	1	
horstrong_0171	686	2	34	0.02354	0.02139	0.00149	0.00177	14	0	1	
horstrong_0172	42	8	189	0.22327	0.02669	0.01648	0.00515	112	0	1	
horstrong_0173	124	10	14	0.24689	0.01205	0.01758	0.00593	17	0	1	
horstrong_0174	926	4	4	0.12536	0.06481	0.00795	0.00753	1	0	1	
horstrong_0175	545	2	53	0.22443	0.06215	0.01405	0.01516	51	0	1	
horstrong_0176	1526	5	2	0.04288	0.02094	0.00126	0.00488	2	0	1	
horstrong_0177	674	10	10	0.15577	0.03786	0.01455	0.00143	9	0	1	
horstrong_0178	466	3	59	0.14322	0.07449	0.01743	0.01952	56	0	1	
horstrong_0179	690	2	61	0.11327	0.06332	0.00333	0.00358	42	0	1	
horstrong_0180	251	3	91	0.15106	0.03034	0.01496	0.01519	96	0	1	
horstrong_0181	31	5	326	0.13167	0.06111	0.01407	0.0118	199	0	1	
horstrong_0182	785	10	2	0.14987	0.06101	0.01044	0.01202	2	0	1	
horstrong_0183	396	2	40	0.16735	0.01544	0.01832	0.00088	18	0	1	
horstrong_0184	1172	6	7	0.2421	0.05831	0.01873	0.014	3	0	1	
horstrong_0185	52	8	117	0.05738	0.03141	0.01667	0.01461	164	0	1	
horstrong_0186	30	5	109	0.13352	0.02035	0.01859	0.0126	69	0	1	
horstrong_0187	100	5	90	0.12709	0.06643	0.0086	0.0155	38	0	1	
horstrong_0188	72	8	44	0.02382	0.00424	0.01642	0.00172	61	0	1	
horstrong_0189	57	8	71	0.16747	0.02454	0.01889	0.00497	17	0	1	
horstrong_0190	473	5	34	0.14894	0.06893	0.00587	0.00699	50	0	1	
horstrong_0191	65	5	180	0.17878	0.00385	0.00352	0.01484	66	0	1	
horstrong_0192	32	3	392	0.21444	0.04154	0.00328	0.00428	476	0	1	
horstrong_0193	76	8	61	0.22868	0.05513	0.00103	0.01793	87	0	1	
horstrong_0194	623	6	11	0.12028	0.07685	0.01302	0.01019	12	0	1	
horstrong_0195	109	6	31	0.18688	0.04529	0.00286	0.01965	44	0	1	
horstrong_0196	371	8	19	0.02223	0.0133	0.00536	0.00735	26	0	1	
horstrong_0197	858	2	28	0.07641	0.00583	0.0161	0.00106	29	0	1	
horstrong_0198	139	5	25	0.21089	0.04144	0.01422	0.00368	14	0	1	
horstrong_0199	393	10	18	0.06489	0.03128	0.00124	0.01512	25	0	1	
hordecayed_0000	598	3	43	0.23094	0.0129	0.01318	0.01811	14	34	1	
hordecayed_0001	34	3	414	0.08851	0.02501	0.01547	0.00409	0	568	1	
hordecayed_0002	108	6	78	0.09664	0.0055	0.00342	0.00389	14	97	1	
hordecayed_0003	517	8	11	0.12267	0.03471	0.01535	0.01203	0	38	1	
hordecayed_0004	125	3	86	0.1913	0.05741	0.00479	0.01701	0	162	1	
hordecayed_0005	76	4	60	0.13806	0.01184	0.01457	0.01394	22	63	1	
hordecayed_0006	142	8	25	0.09611	0.05873	0.01608	0.01351	7	37	1	
hordecayed_0007	798	4	29	0.22614	0.0248	0.00904	9e-05	0	45	1	
hordecayed_0008	637	3	13	0.06524	0.02644	0.00081	0.01448	0	19	1	
hordecayed_0009	105	6	40	0.06872	0.0638	0.00027	2e-05	8	71	1	
hordecayed_0010	56	3	179	0.20204	0.04057	0.01491	0.01954	0	138	1	
hordecayed_0011	89	3	67	0.04254	0.04861	0.01462	0.01314	31	123	1	
hordecayed_0012	1729	4	13	0.24732	0.03229	0.01151	0.00354	0	10	1	
hordecayed_0013	55	3	321	0.17837	0.03362	0.01476	0.01512	81	308	1	
hordecayed_0014	906	2	15	0.24496	0.0103	0.01745	0.01646	7	13	1	
hordecayed_0015	92	4	122	0.10665	0.02679	0.0022	0.00466	0	50	1	
hordecayed_0016	606	10	5	0.15297	0.03962	0.0087	0.01665	0	6	1	
hordecayed_0017	1678	3	3	0.24305	0.0607	0.01673	0.0171	1	5	1	
hordecayed_0018	33	5	274	0.06372	0.05927	0.00602	0.01233	0	728	1	
hordecayed_0019	58	3	191	0.21176	0.00563	0.01032	0.01916	78	295	1	
hordecayed_0020	1267	5	5	0.18413	0.06905	0.01829	0.01563	0	17	1	
hordecayed_0021	130	10	63	0.21375	0.05859	0.01153	0.01858	8	218	1	
hordecayed_0022	87	8	50	0.23677	0.05767	0.00376	1e-05	0	59	1	
hordecayed_0023	211	2	75	0.22172	0.06872	0.00068	0.00964	0	26	1	
hordecayed_0024	146	3	79	0.0491	0.06876	0.01339	0.00535	24	98	1	
hordecayed_0025	1712	10	2	0.19447	0.05007	0.01575	0.01501	0	12	1	
hordecayed_0026	281	6	12	0.11807	0.0635	0.00601	0.01593	2	24	1	
hordecayed_0027	47	6	192	0.09615	0.01947	0.00402	0.00123	0	593	1	
hordecayed_0028	869	10	4	0.11689	0.01519	0.01666	0.01392	0	16	1	
hordecayed_0029	803	4	29	0.11391	0.016	0.00953	0.00521	13	19	1	
hordecayed_0030	89	4	54	0.0393	0.07754	0.01255	0.00956	0	136	1	
hordecayed_0031	471	8	8	0.08885	0.05132	0.00145	0.01081	2	38	1	
hordecayed_0032	37	5	174	0.18773	0.0692	0.01038	0.01009	0	250	1	
hordecayed_0033	403	10	6	0.12559	0.05389	0.01536	0.01731	0	21	1	
hordecayed_0034	579	6	20	0.06988	0.07875	0.01912	0.01995	0	70	1	
hordecayed_0035	365	10	16	0.12465	0.02019	0.00467	0.01504	2	90	1	
hordecayed_0036	93	10	26	0.07382	0.0458	0.00344	0.01158	4	162	1	
hordecayed_0037	693	4	10	0.16492	0.06509	0.01402	0.01207	0	6	1	
hordecayed_0038	386	8	29	0.12133	0.01964	0.00729	0.00898	0	122	1	
hordecayed_0039	44	3	276	0.23087	0.0597	0.01263	0.00189	0	433	1	
hordecayed_0040	601	2	21	0.14968	0.05975	0.01777	0.00803	0	17	1	
hordecayed_0041	205	8	18	0.06475	0.03846	0.0198	0.00297	0	53	1	
hordecayed_0042	174	6	75	0.09833	0.03201	0.01286	0.01002	0	168	1	
hordecayed_0043	84	3	84	0.1619	0.00324	0.01011	0.01933	15	60	1	
hordecayed_0044	587	4	11	0.2326	0.01077	0.00802	0.00101	0	27	1	
hordecayed_0045	785	8	6	0.03453	0.01947	0.01614	0.00388	0	30	1	
hordecayed_0046	44	4	347	0.10766	0.07119	0.0004	0.00141	0	628	1	
hordecayed_0047	1688	3	18	0.04755	0.04187	0.01055	0.00249	0	12	1	
hordecayed_0048	65	10	30	0.0923	0.039	0.0114	0.01887	5	48	1	
hordecayed_0049	322	4	13	0.03681	0.01671	0.01379	0.0179	0	35	1	
hordecayed_0050	60	10	39	0.12737	0.02191	0.00291	0.00707	15	174	1	
hordecayed_0051	706	2	26	0.03917	0.06827	0.00533	0.00071	10	30	1	
hordecayed_0052	598	10	8	0.07664	0.07031	0.01973	0.00741	2	22	1	
hordecayed_0053	130	8	48	0.11717	0.02985	0.01473	0.01799	0	100	1	
hordecayed_0054	250	10	28	0.23611	0.01841	0.01124	0.01248	12	95	1	
hordecayed_0055	101	2	322	0.08917	0.06391	0.00476	0.00347	106	319	1	
hordecayed_0056	53	3	159	0.2444	0.02429	0.01592	0.01959	0	165	1	
hordecayed_0057	614	4	21	0.13009	0.02362	0.00186	0.00988	0	38	1	
hordecayed_0058	155	6	34	0.15628	0.03813	0.01902	0.00829	0	27	1	
hordecayed_0059	753	10	8	0.03391	0.06637	0.00122	0.00833	3	44	1	
hordecayed_0060	92	8	93	0.08546	0.00762	0.01805	0.01367	39	451	1	
hordecayed_0061	82	4	98	0.17574	0.03744	0.0117	0.0074	0	250	1	
hordecayed_0062	113	5	59	0.13077	0.04825	0.00484	0.00494	0	104	1	
hordecayed_0063	466	5	11	0.22128	0.04576	0.00187	0.01402	2	31	1	
hordecayed_0064	511	8	4	0.20278	0.05725	0.00156	0.0042	0	6	1	
hordecayed_0065	94	2	177	0.07109	0.00712	0.00783	0.01616	0	189	1	
hordecayed_0066	767	5	4	0.0365	0.0076	0.01774	0.01089	1	5	1	
hordecayed_0067	388	4	14	0.15631	0.06545	0.00041	0.01908	0	14	1	
hordecayed_0068	45	3	389	0.03814	0.01975	0.00339	0.00469	0	543	1	
hordecayed_0069	616	2	54	0.24936	0.04654	0.0033	0.01058	26	66	1	
hordecayed_0070	637	8	9	0.14031	0.06036	0.0154	0.00703	2	43	1	
hordecayed_0071	55	6	67	0.1978	0.0446	0.0158	0.00555	0	117	1	
hordecayed_0072	118	10	23	0.14208	0.02801	0.009	0.01643	0	30	1	
hordecayed_0073	829	3	22	0.05112	0.01095	0.01784	0.00192	6	28	1	
hordecayed_0074	99	6	79	0.04894	0.04577	0.00953	0.00631	34	322	1	
hordecayed_0075	170	10	15	0.08103	0.06645	0.00133	0.01682	0	80	1	
hordecayed_0076	70	6	66	0.17448	0.07823	0.00931	0.01794	23	113	1	
hordecayed_0077	62	4	94	0.20264	0.04003	0.00247	0.01673	0	118	1	
hordecayed_0078	31	10	54	0.12245	0.00639	0.00236	0.01826	10	175	1	
hordecayed_0079	43	5	194	0.03443	0.068	0.00651	0.01814	91	112	1	
hordecayed_0080	494	4	14	0.04837	0.05267	0.015	0.01228	0	14	1	
hordecayed_0081	72	10	108	0.06197	0.03011	0.00588	0.01902	30	596	1	
hordecayed_0082	40	8	59	0.04184	0.05488	0.00588	0.00516	7	64	1	
hordecayed_0083	279	10	7	0.24356	0.01532	0.00374	0.01756	3	36	1	
hordecayed_0084	48	5	305	0.06307	0.05472	0.01879	0.00754	44	247	1	
hordecayed_0085	371	8	6	0.11933	0.05403	0.00625	0.01962	0	25	1	
hordecayed_0086	1143	3	15	0.1359	0.07622	0.00148	0.01341	0	22	1	
hordecayed_0087	99	10	18	0.17571	0.01899	0.0027	0.00125	5	55	1	
hordecayed_0088	1003	2	7	0.02009	0.02238	0.01304	0.01016	1	10	1	
hordecayed_0089	1463	5	10	0.02941	0.02593	0.00961	0.01635	0	8	1	
hordecayed_0090	546	8	12	0.19737	0.01292	0.00193	0.00482	5	19	1	
hordecayed_0091	577	4	16	0.03991	0.00316	0.0199	0.01917	0	16	1	
hordecayed_0092	148	3	111	0.07525	0.03034	0.01379	0.00564	39	58	1	
hordecayed_0093	248	10	14	0.09191	0.07247	0.00312	0.00982	4	87	1	
hordecayed_0094	416	6	31	0.05882	0.066	0.01553	0.01646	0	114	1	
hordecayed_0095	1876	3	8	0.16418	0.07547	0.00232	0.00038	0	4	1	
hordecayed_0096	574	4	14	0.11852	0.01934	0.00654	0.0121	4	7	1	
hordecayed_0097	167	10	17	0.09295	0.02643	0.01154	0.00785	7	23	1	
hordecayed_0098	93	4	198	0.0227	0.03338	0.01295	0.00536	0	516	1	
hordecayed_0099	685	6	17	0.15512	0.04742	0.00027	0.01996	5	65	1	
hordecayed_0100	362	5	14	0.08341	0.07802	0.01391	0.0098	0	14	1	
hordecayed_0101	253	3	56	0.13932	0.03365	0.01419	0.00422	11	66	1	
hordecayed_0102	78	8	113	0.16433	0.07766	0.00892	0.00956	31	413	1	
hordecayed_0103	1767	3	16	0.05329	0.05233	0.01369	0.01028	0	7	1	
hordecayed_0104	56	6	45	0.23636	0.06353	0.01771	0.0035	6	136	1	
hordecayed_0105	43	3	595	0.1589	0.05177	0.00844	0.00439	0	647	1	
hordecayed_0106	404	5	46	0.03915	0.00679	0.00695	0.00988	7	133	1	
hordecayed_0107	46	5	69	0.0756	0.04366	0.01403	0.00495	23	44	1	
hordecayed_0108	617	8	16	0.15645	0.02759	0.01062	5e-05	0	90	1	
hordecayed_0109	141	8	20	0.17458	0.03564	0.00808	0.01783	0	37	1	
hordecayed_0110	56	6	226	0.05498	0.02729	0.01364	0.00794	0	284	1	
hordecayed_0111	40	8	94	0.08629	0.02602	0.00081	0.01111	0	331	1	
hordecayed_0112	283	2	49	0.11933	0.067	0.012	0.01264	0	26	1	
hordecayed_0113	671	3	16	0.19008	0.01432	0.01478	0.0097	0	22	1	
hordecayed_0114	160	4	49	0.11094	0.01112	0.0143	0.00458	0	26	1	
hordecayed_0115	82	5	37	0.20278	0.01855	0.00682	0.00896	16	42	1	
hordecayed_0116	174	10	10	0.06225	0.01569	0.00342	0.00793	2	33	1	
hordecayed_0117	70	3	108	0.02995	0.02878	0.00887	0.01065	44	103	1	
hordecayed_0118	1626	8	3	0.08606	0.02179	0.00108	0.01822	0	12	1	
hordecayed_0119	66	3	159	0.03229	0.06382	0.01039	0.00577	0	210	1	
hordecayed_0120	81	6	97	0.18258	0.0735	0.01805	0.01515	37	128	1	
hordecayed_0121	71	10	23	0.08991	0.05818	0.00725	0.00688	4	121	1	
hordecayed_0122	1557	4	3	0.20036	0.06515	0.00502	0.01347	0	2	1	
hordecayed_0123	70	10	66	0.11569	0.04397	0.00569	0.00428	0	302	1	
hordecayed_0124	863	5	6	0.1607	0.01818	0.00282	0.01907	0	5	1	
hordecayed_0125	79	2	362	0.20232	0.01632	0.00231	0.01085	0	305	1	
hordecayed_0126	754	10	2	0.10035	0.00737	0.01332	0.00915	0	10	1	
hordecayed_0127	1031	8	2	0.1199	0.07865	0.00075	0.00157	0	8	1	
hordecayed_0128	118	8	38	0.03717	0.05134	0.01521	0.01479	4	201	1	
hordecayed_0129	1182	10	2	0.19109	0.01662	0.01498	1e-05	1	10	1	
hordecayed_0130	46	5	172	0.12309	0.03426	0.01564	0.00353	69	219	1	
hordecayed_0131	33	8	159	0.10048	0.06829	0.01208	0.00212	21	637	1	
hordecayed_0132	648	3	10	0.1725	0.01161	0.00021	0.01623	0	20	1	
hordecayed_0133	533	4	21	0.14355	0.07699	0.01334	0.01418	7	15	1	
hordecayed_0134	1887	6	5	0.04196	0.06391	0.01573	0.00522	0	13	1	
hordecayed_0135	362	3	19	0.18746	0.06096	0.00681	0.01902	0	29	1	
hordecayed_0136	41	6	368	0.05102	0.06529	0.01988	0.00746	168	1087	1	
hordecayed_0137	718	2	44	0.13323	0.05188	0.00649	0.01649	0	24	1	
hordecayed_0138	96	2	133	0.12337	0.00528	0.01966	0.00616	0	182	1	
hordecayed_0139	30	6	102	0.10637	0.06608	0.00267	0.00306	14	216	1	
hordecayed_0140	137	5	27	0.21442	0.02805	0.00829	0.00637	0	69	1	
hordecayed_0141	420	8	6	0.10407	0.07473	0.01737	0.01234	2	33	1	
hordecayed_0142	220	3	57	0.21685	0.00658	0.01641	0.00441	21	43	1	
hordecayed_0143	48	2	670	0.04043	0.06954	0.01201	0.00272	0	901	1	
hordecayed_0144	1636	8	2	0.0788	0.05038	0.00673	0.0185	0	11	1	
hordecayed_0145	278	5	23	0.23085	0.0662	0.00843	0.00078	9	78	1	
hordecayed_0146	803	10	7	0.10716	0.07797	0.00269	0.00891	0	48	1	
hordecayed_0147	75	10	70	0.10128	0.03855	0.01758	0.00996	22	192	1	
hordecayed_0148	241	3	48	0.19317	0.02118	0.01575	0.0197	0	53	1	
hordecayed_0149	44	3	638	0.19809	0.0391	0.01381	0.00598	235	735	1	
boundary_0000	108	3	171	0.02324	0.01273	0.01448	0.0036	0	0	1	
boundary_0001	64	2	195	0.02589	0.01483	0.00907	0.00167	0	0	1	
boundary_0002	396	2	44	0.02064	0.02346	0.01421	0.00201	0	0	1	
boundary_0003	492	6	14	0.01951	0.04342	0.0146	0.00746	0	0	1	
boundary_0004	301	2	82	0.01866	0.01213	0.00662	0.01486	0	0	1	
boundary_0005	110	6	75	0.0104	0.0106	0.00311	7e-05	0	0	1	
boundary_0006	308	6	19	0.02289	0.03465	0.00597	0.00526	0	0	1	
boundary_0007	227	3	43	0.008	0.04045	0.01388	0.00346	0	0	1	
boundary_0008	374	4	26	0.02524	0.02681	0.00734	0.00512	0	0	1	
boundary_0009	156	3	88	0.02638	0.03004	0.00898	0.01352	0	0	1	
boundary_0010	174	2	89	0.00991	0.01315	0.00357	0.00186	0	0	1	
boundary_0011	141	5	64	0.02903	0.01641	0.00405	0.01071	0	0	1	
boundary_0012	301	6	21	0.00645	0.02844	0.01301	0.00945	0	0	1	
boundary_0013	424	3	39	0.02044	0.01849	0.00976	0.01304	0	0	1	
boundary_0014	138	4	103	0.02966	0.04099	0.00615	0.00939	0	0	1	
boundary_0015	91	2	236	0.02286	0.02209	0.01371	0.00393	0	0	1	
boundary_0016	205	4	55	0.01152	0.01684	0.00218	0.00604	0	0	1	
boundary_0017	70	6	74	0.01848	0.02906	0.00828	0.00798	0	0	1	
boundary_0018	271	5	27	0.0148	0.02371	0.01107	0.01184	0	0	1	
boundary_0019	144	6	46	0.01845	0.02521	0.00062	0.01153	0	0	1	
boundary_0020	237	2	123	0.01192	0.02753	0.00615	0.0085	0	0	1	
boundary_0021	75	5	83	0.018	0.01411	0.01478	0.0002	0	0	1	
boundary_0022	80	3	86	0.00802	0.04883	0.00731	0.00568	0	0	1	
boundary_0023	174	5	29	0.01109	0.04078	0.00678	0.00067	0	0	1	
boundary_0024	60	2	314	0.02428	0.01245	0.01424	0.00635	0	0	1	
boundary_0025	219	2	67	0.01212	0.03531	0.00872	0.00467	0	0	1	
boundary_0026	143	4	83	0.01943	0.04681	0.0103	0.00362	0	0	1	
boundary_0027	231	4	27	0.0073	0.04425	0.00788	0.00578	0	0	1	
boundary_0028	288	3	36	0.01569	0.03487	0.01465	0.01197	0	0	1	
boundary_0029	205	3	36	0.01712	0.04975	0.00138	0.00428	0	0	1	
boundary_0030	183	3	103	0.01385	0.01368	0.01189	0.01387	0	0	1	
boundary_0031	257	4	21	0.00546	0.04665	0.01283	0.00543	0	0	1	
boundary_0032	114	2	144	0.00553	0.02934	0.009	0.00069	0	0	1	
boundary_0033	361	3	43	0.01636	0.04415	0.00987	0.00466	0	0	1	
boundary_0034	245	4	60	0.02612	0.0234	0.00846	0.01471	0	0	1	
boundary_0035	57	4	105	0.01108	0.0484	0.01309	0.0135	0	0	1	
boundary_0036	384	3	45	0.01709	0.02086	0.011	0.00577	0	0	1	
boundary_0037	122	4	86	0.01206	0.03706	0.00012	0.00348	0	0	1	
boundary_0038	55	3	188	0.01929	0.03103	0.01246	0.01215	0	0	1	
boundary_0039	72	4	148	0.01291	0.03032	0.01467	0.00762	0	0	1	
boundary_0040	233	5	23	0.02035	0.01084	0.00258	0.01241	0	0	1	
boundary_0041	72	2	260	0.02548	0.04749	0.00839	0.00466	0	0	1	
boundary_0042	63	4	103	0.02352	0.03644	0.01094	0.00665	0	0	1	
boundary_0043	56	6	144	0.01236	0.01843	0.00593	0.00357	0	0	1	
boundary_0044	326	4	31	0.01416	0.0114	0.01149	0.00879	0	0	1	
boundary_0045	314	2	71	0.02096	0.01353	0.00449	0.00166	0	0	1	
boundary_0046	71	2	289	0.02313	0.02333	0.00435	0.00783	0	0	1	
boundary_0047	94	3	98	0.02116	0.03629	0.00545	0.00935	0	0	1	
boundary_0048	147	4	60	0.0221	0.04566	0.01367	0.00238	0	0	1	
boundary_0049	450	2	26	0.01738	0.02272	0.00296	0.00396	0	0	1	
boundary_0050	418	5	26	0.0138	0.027	0.01036	0.00051	0	0	1	
boundary_0051	364	6	22	0.00521	0.01058	0.01282	0.01202	0	0	1	
boundary_0052	381	5	13	0.00828	0.01026	0.00558	0.01439	0	0	1	
boundary_0053	120	3	141	0.02201	0.02721	0.00538	0.00915	0	0	1	
boundary_0054	88	5	65	0.0274	0.03865	0.00172	0.0016	0	0	1	
boundary_0055	223	3	38	0.01307	0.01262	0.0081	0.00908	0	0	1	
boundary_0056	355	2	84	0.01528	0.02711	0.01232	0.01424	0	0	1	
boundary_0057	183	4	38	0.02282	0.0449	0.0083	0.00392	0	0	1	
boundary_0058	351	4	24	0.02211	0.04389	0.01005	0.00018	0	0	1	
boundary_0059	284	3	63	0.02109	0.03285	0.00307	0.0014	0	0	1	
boundary_0060	126	6	43	0.01699	0.04881	0.01034	0.00464	0	0	1	
boundary_0061	98	3	147	0.02126	0.01243	0.01027	0.00838	0	0	1	
boundary_0062	132	2	166	0.00543	0.04466	0.00122	0.00276	0	0	1	
boundary_0063	266	5	20	0.0151	0.02914	0.00208	0.00637	0	0	1	
boundary_0064	306	2	62	0.00551	0.01819	0.01473	0.01349	0	0	1	
boundary_0065	120	4	62	0.01039	0.04623	0.012	0.00294	0	0	1	
boundary_0066	56	4	99	0.00966	0.03395	0.00633	0.00538	0	0	1	
boundary_0067	78	5	84	0.0278	0.03105	0.01153	0.00407	0	0	1	
boundary_0068	74	6	110	0.00656	0.01421	0.0052	0.01278	0	0	1	
boundary_0069	194	4	37	0.02498	0.01155	0.00917	0.0029	0	0	1	
boundary_0070	376	3	18	0.01701	0.04777	0.0094	0.00357	0	0	1	
boundary_0071	474	6	14	0.01773	0.01802	0.00261	0.01292	0	0	1	
boundary_0072	150	4	71	0.01025	0.02516	0.01391	0.00206	0	0	1	
boundary_0073	71	3	252	0.00869	0.01163	0.00868	0.00775	0	0	1	
boundary_0074	79	4	94	0.02929	0.04108	0.01336	0.00017	0	0	1	
boundary_0075	372	4	16	0.01546	0.01539	0.01261	0.01069	0	0	1	
boundary_0076	493	2	37	0.00508	0.03672	0.00322	0.01274	0	0	1	
boundary_0077	62	2	278	0.02111	0.04646	0.00827	0.00209	0	0	1	
boundary_0078	88	3	158	0.02771	0.03825	0.01383	0.00486	0	0	1	
boundary_0079	453	6	14	0.00842	0.04254	0.01256	0.00962	0	0	1	
boundary_0080	490	5	8	0.00539	0.04222	0.01235	0.01318	0	0	1	
boundary_0081	65	6	143	0.02984	0.02485	0.0078	0.01016	0	0	1	
boundary_0082	423	2	36	0.00731	0.03598	0.00841	0.00735	0	0	1	
boundary_0083	56	4	98	0.02756	0.02178	0.01258	0.00745	0	0	1	
boundary_0084	53	2	436	0.00828	0.04895	0.00277	0.00304	0	0	1	
boundary_0085	264	3	69	0.02583	0.02862	0.00906	0.01128	0	0	1	
boundary_0086	120	4	115	0.02515	0.04264	0.00265	0.00188	0	0	1	
boundary_0087	134	4	38	0.01441	0.03601	0.00982	0.00687	0	0	1	
boundary_0088	244	5	25	0.02704	0.02025	0.00183	0.01083	0	0	1	
boundary_0089	136	2	184	0.01898	0.03298	0.00236	0.01121	0	0	1	
boundary_0090	73	5	59	0.02667	0.0235	0.00058	0.01249	0	0	1	
boundary_0091	180	5	30	0.0157	0.02386	0.01329	0.00983	0	0	1	
boundary_0092	57	2	217	0.02117	0.03593	0.00509	0.0077	0	0	1	
boundary_0093	292	5	21	0.01653	0.04726	0.00633	0.00595	0	0	1	
boundary_0094	59	6	157	0.02821	0.02575	0.00555	0.00882	0	0	1	
boundary_0095	75	2	163	0.00699	0.02007	0.01485	0.00424	0	0	1	
boundary_0096	202	4	39	0.02734	0.02859	0.00565	0.01216	0	0	1	
boundary_0097	71	2	305	0.0126	0.04691	0.00032	0.00404	0	0	1	
boundary_0098	112	6	59	0.01366	0.02508	0.00463	0.00133	0	0	1	
boundary_0099	208	6	21	0.0271	0.03003	0.01462	0.00092	0	0	1	
stress_0000	407	4	29	0.14656	0.07672	0.02651	0.03351	0	0	1	
stress_0001	200	1	231	0.0	0.0486	0.0	0.04151	0	0	1	
stress_0002	43	1	434	0.0	0.04664	0.0	0.04831	0	0	1	
stress_0003	68	1	150	0.0	0.05177	0.0	0.02969	0	0	1	
stress_0004	204	1	193	0.0	0.03273	0.0	0.04968	0	0	1	
stress_0005	274	2	15	0.1172	0.06641	0.02329	0.03192	0	0	1	
stress_0006	159	1	159	0.0	0.03263	0.0	0.04784	0	0	1	
stress_0007	217	1	130	0.0	0.0621	0.0	0.04467	0	0	1	
stress_0008	144	6	12	0.11542	0.07969	0.04191	0.04271	0	0	1	
stress_0009	262	2	31	0.14487	0.07884	0.0433	0.03073	0	0	1	
stress_0010	322	1	34	0.0	0.02712	0.0	0.04654	0	0	1	
stress_0011	1149	1	7	0.0	0.05332	0.0	0.02514	0	0	1	
stress_0012	775	1	55	0.0	0.0468	0.0	0.02636	0	0	1	
stress_0013	1406	1	15	0.0	0.02821	0.0	0.03161	0	0	1	
stress_0014	274	1	104	0.0	0.031	0.0	0.03745	0	0	1	
stress_0015	294	4	19	0.0785	0.075	0.03969	0.03439	0	0	1	
stress_0016	632	1	43	0.0	0.02909	0.0	0.02138	0	0	1	
stress_0017	66	2	307	0.12803	0.02534	0.03586	0.0382	0	0	1	
stress_0018	115	1	198	0.0	0.02782	0.0	0.04881	0	0	1	
stress_0019	47	1	453	0.0	0.06854	0.0	0.02748	0	0	1	
stress_0020	144	1	102	0.0	0.05271	0.0	0.03843	0	0	1	
stress_0021	59	1	301	0.0	0.05212	0.0	0.02424	0	0	1	
stress_0022	339	1	39	0.0	0.05992	0.0	0.0493	0	0	1	
stress_0023	43	1	770	0.0	0.05196	0.0	0.03057	0	0	1	
stress_0024	161	3	78	0.06114	0.05045	0.03485	0.02712	0	0	1	
stress_0025	450	2	12	0.11371	0.07171	0.0217	0.04022	0	0	1	
stress_0026	826	6	2	0.08483	0.04753	0.02077	0.04415	0	0	1	
stress_0027	334	2	13	0.09617	0.02569	0.02272	0.02296	0	0	1	
stress_0028	240	6	22	0.1382	0.06325	0.04151	0.03732	0	0	1	
stress_0029	309	3	37	0.13824	0.03061	0.03938	0.04594	0	0	1	
stress_0030	134	4	19	0.12625	0.07527	0.04248	0.02918	0	0	1	
stress_0031	216	1	146	0.0	0.06449	0.0	0.03448	0	0	1	
stress_0032	450	6	10	0.13294	0.0538	0.04717	0.03503	0	0	1	
stress_0033	36	1	399	0.0	0.02648	0.0	0.0346	0	0	1	
stress_0034	156	1	276	0.0	0.05829	0.0	0.03569	0	0	1	
stress_0035	331	3	11	0.09835	0.05935	0.03788	0.04277	0	0	1	
stress_0036	260	2	53	0.1401	0.06117	0.02749	0.02102	0	0	1	
stress_0037	842	3	4	0.10349	0.04621	0.04568	0.02692	0	0	1	
stress_0038	519	1	56	0.0	0.06676	0.0	0.03656	0	0	1	
stress_0039	665	3	23	0.09684	0.0464	0.03334	0.02694	0	0	1	
stress_0040	1098	1	41	0.0	0.07831	0.0	0.02946	0	0	1	
stress_0041	569	4	4	0.13534	0.0392	0.03181	0.02833	0	0	1	
stress_0042	832	2	20	0.11299	0.0625	0.03741	0.04094	0	0	1	
stress_0043	110	4	61	0.08013	0.07658	0.03528	0.02955	0	0	1	
stress_0044	120	4	35	0.05813	0.02888	0.02909	0.04991	0	0	1	
stress_0045	192	1	45	0.0	0.03023	0.0	0.04684	0	0	1	
stress_0046	319	1	61	0.0	0.07447	0.0	0.02712	0	0	1	
stress_0047	173	1	62	0.0	0.0756	0.0	0.03092	0	0	1	
stress_0048	144	1	145	0.0	0.05887	0.0	0.0483	0	0	1	
stress_0049	162	2	25	0.05614	0.025	0.02058	0.04316	0	0	1	
horsubmono_0000	212	3	54	0.07857	0.04995	0.01126	0.00545	0	0	4	
horsubmono_0001	297	6	20	0.05207	0.02675	0.00904	0.00469	0	0	3	
horsubmono_0002	218	4	24	0.18062	0.00512	0.00258	0.00324	0	0	2	
horsubmono_0003	162	2	113	0.10495	0.006	0.00909	0.01192	0	0	3	
horsubmono_0004	306	3	52	0.1056	0.04051	0.01396	0.00299	0	0	2	
horsubmono_0005	195	4	97	0.14301	0.03765	0.01373	0.00748	0	0	3	
horsubmono_0006	290	3	42	0.10268	0.04333	0.0004	0.00135	0	0	2	
horsubmono_0007	82	4	103	0.05183	0.02973	0.00151	0.01072	0	0	2	
horsubmono_0008	189	5	52	0.05797	0.04676	0.00062	0.00808	0	0	3	
horsubmono_0009	108	2	189	0.15433	0.01299	0.00492	0.00416	0	0	2	
horsubmono_0010	435	6	13	0.07678	0.03948	0.01221	0.00087	0	0	3	
horsubmono_0011	236	6	56	0.16336	0.01767	0.01185	0.00196	0	0	4	
horsubmono_0012	274	4	30	0.11205	0.04931	0.01488	0.00717	0	0	2	
horsubmono_0013	94	5	73	0.12802	0.04777	0.003	0.00604	0	0	2	
horsubmono_0014	429	6	30	0.06722	0.04976	0.00451	0.00185	0	0	3	
horsubmono_0015	200	3	70	0.10735	0.03844	0.00612	0.00229	0	0	4	
horsubmono_0016	156	2	68	0.10993	0.02734	0.01338	0.00101	0	0	2	
horsubmono_0017	772	2	50	0.13355	0.01477	0.01331	0.00707	0	0	4	
horsubmono_0018	420	2	32	0.16569	0.04032	0.00376	0.01368	0	0	3	
horsubmono_0019	92	2	208	0.08596	0.01294	0.01482	0.00605	0	0	2	
horsubmono_0020	136	3	107	0.09954	0.03928	0.01337	0.014	0	0	2	
horsubmono_0021	102	2	115	0.12453	0.00626	0.00414	0.00894	0	0	2	
horsubmono_0022	336	5	16	0.11479	0.04988	0.01483	0.00231	0	0	4	
horsubmono_0023	258	4	49	0.19206	0.04583	0.01382	0.01201	0	0	3	
horsubmono_0024	156	3	151	0.13736	0.04385	0.00462	0.00613	0	0	2	
horsubmono_0025	100	4	82	0.10969	0.03022	0.01335	0.01432	0	0	2	
horsubmono_0026	368	2	43	0.13514	0.03771	0.01073	0.01301	0	0	4	
horsubmono_0027	579	2	29	0.05119	0.03294	0.00286	0.00562	0	0	3	
horsubmono_0028	368	5	14	0.17258	0.00597	0.00993	0.00603	0	0	4	
horsubmono_0029	144	3	114	0.1567	0.03482	0.01361	0.01238	0	0	4	
horsubmono_0030	720	5	8	0.15248	0.03678	0.01463	0.0108	0	0	4	
horsubmono_0031	219	6	34	0.16748	0.04568	0.01469	0.01113	0	0	3	
horsubmono_0032	224	4	31	0.15143	0.04647	0.0049	0.00249	0	0	2	
horsubmono_0033	141	6	35	0.1498	0.04109	0.01223	0.00024	0	0	3	
horsubmono_0034	196	3	62	0.09681	0.03421	0.00056	0.01381	0	0	2	
horsubmono_0035	128	2	178	0.17911	0.02324	0.0125	0.00396	0	0	4	
horsubmono_0036	268	2	126	0.05444	0.01975	0.00371	0.00092	0	0	2	
horsubmono_0037	176	5	70	0.16663	0.00646	0.01065	0.00377	0	0	4	
horsubmono_0038	288	5	22	0.0892	0.01884	0.01314	0.00925	0	0	3	
horsubmono_0039	105	4	49	0.12634	0.03646	0.0017	0.00722	0	0	3	
horsubmono_0040	272	3	37	0.07644	0.02788	0.01099	5e-05	0	0	4	
horsubmono_0041	306	3	50	0.1064	0.02464	0.00667	0.01011	0	0	3	
horsubmono_0042	232	3	48	0.18182	0.01953	0.0123	0.00237	0	0	4	
horsubmono_0043	243	6	33	0.05261	0.01813	0.01019	0.01446	0	0	3	
horsubmono_0044	147	6	72	0.14708	0.04363	0.00248	0.01062	0	0	3	
horsubmono_0045	96	5	54	0.1423	0.02458	0.01018	0.00756	0	0	3	
horsubmono_0046	141	3	152	0.11446	0.00831	0.00323	0.00249	0	0	3	
horsubmono_0047	72	5	128	0.12201	0.01271	0.00893	0.01238	0	0	2	
horsubmono_0048	291	6	22	0.17846	0.02109	0.00573	0.01438	0	0	3	
horsubmono_0049	200	5	24	0.19759	0.02363	0.01031	0.00445	0	0	4	
horsubmono_0050	232	4	41	0.1713	0.00502	0.00926	0.01095	0	0	4	
horsubmono_0051	366	5	18	0.14904	0.00994	0.0133	0.00012	0	0	3	
horsubmono_0052	288	3	30	0.18938	0.03089	0.00537	0.01079	0	0	2	
horsubmono_0053	420	6	13	0.05922	0.03292	0.00643	0.00482	0	0	3	
horsubmono_0054	72	6	183	0.11347	0.03993	0.00436	0.00389	0	0	2	
horsubmono_0055	108	4	184	0.1823	0.03713	0.0124	0.0073	0	0	2	
horsubmono_0056	534	3	37	0.11	0.04199	0.01033	0.00461	0	0	3	
horsubmono_0057	102	5	43	0.14049	0.03641	0.01342	0.00843	0	0	3	
horsubmono_0058	292	6	17	0.15901	0.01821	0.00206	0.00089	0	0	2	
horsubmono_0059	164	2	233	0.05408	0.03144	0.00987	0.01307	0	0	2	
horsubmono_0060	208	6	20	0.1467	0.04747	0.01031	0.00131	0	0	4	
horsubmono_0061	716	4	26	0.16665	0.00598	0.01172	0.00115	0	0	4	
horsubmono_0062	168	4	32	0.11554	0.03909	0.00746	0.00205	0	0	4	
horsubmono_0063	600	4	19	0.07022	0.01586	0.01271	0.00489	0	0	4	
horsubmono_0064	424	3	22	0.06843	0.01679	0.01213	0.01319	0	0	4	
horsubmono_0065	345	4	44	0.07194	0.02028	0.0012	0.00658	0	0	3	
horsubmono_0066	116	3	137	0.16525	0.04389	0.00085	0.00495	0	0	2	
horsubmono_0067	104	5	46	0.17206	0.0369	0.01475	0.01168	0	0	2	
horsubmono_0068	160	5	80	0.16182	0.0367	0.00111	0.013	0	0	4	
horsubmono_0069	255	4	20	0.15258	0.04053	0.01198	0.00333	0	0	3	
horsubmono_0070	144	6	75	0.12481	0.03462	0.00564	0.01423	0	0	3	
horsubmono_0071	483	3	17	0.09915	0.03607	0.00624	0.01228	0	0	3	
horsubmono_0072	182	4	100	0.11218	0.01937	0.00992	0.00786	0	0	2	
horsubmono_0073	324	2	67	0.14584	0.01447	0.00294	0.00965	0	0	3	
horsubmono_0074	90	5	54	0.19529	0.03554	0.0072	0.01207	0	0	2	
horsubmono_0075	159	3	59	0.10316	0.02336	0.00137	0.00693	0	0	3	
horsubmono_0076	624	5	17	0.18209	0.02536	0.00762	0.00782	0	0	4	
horsubmono_0077	136	4	42	0.16767	0.00969	0.00318	0.01461	0	0	4	
horsubmono_0078	156	5	52	0.13474	0.00951	0.01282	0.00456	0	0	3	
horsubmono_0079	213	5	60	0.07375	0.02558	0.00619	0.0093	0	0	3	
horsubmono_0080	255	6	20	0.14892	0.02981	0.00942	0.00446	0	0	3	
horsubmono_0081	172	2	73	0.16803	0.04569	0.0082	0.00792	0	0	4	
horsubmono_0082	552	2	27	0.14996	0.02231	0.0026	0.00093	0	0	4	
horsubmono_0083	303	2	87	0.08121	0.01367	0.00832	0.00181	0	0	3	
horsubmono_0084	112	3	85	0.11028	0.03551	0.01033	0.01166	0	0	2	
horsubmono_0085	508	4	22	0.14604	0.04345	0.00406	0.01164	0	0	4	
horsubmono_0086	278	6	22	0.11262	0.04114	0.01427	0.01083	0	0	2	
horsubmono_0087	102	3	123	0.09757	0.03885	0.00764	0.00817	0	0	3	
horsubmono_0088	292	4	28	0.17586	0.03992	0.01216	0.01272	0	0	2	
horsubmono_0089	740	6	10	0.1623	0.01206	0.01355	0.0039	0	0	4	
horsubmono_0090	366	4	45	0.08128	0.01107	0.01101	0.0018	0	0	3	
horsubmono_0091	172	4	29	0.06815	0.0477	0.0016	0.00932	0	0	2	
horsubmono_0092	70	2	313	0.15053	0.00689	0.01035	0.00679	0	0	2	
horsubmono_0093	516	3	24	0.06991	0.04229	0.00615	0.0127	0	0	3	
horsubmono_0094	596	2	66	0.0517	0.0495	0.01165	0.01181	0	0	4	
horsubmono_0095	156	2	73	0.18317	0.04964	0.00601	0.01265	0	0	3	
horsubmono_0096	382	2	93	0.10115	0.02047	0.00645	0.00236	0	0	2	
horsubmono_0097	195	4	28	0.10098	0.02371	0.00424	0.00651	0	0	3	
horsubmono_0098	280	4	30	0.06172	0.01227	0.0019	0.00476	0	0	4	
horsubmono_0099	268	3	29	0.18128	0.01016	0.0022	0.0087	0	0	2	
veryshort_0000	43	3	82	0.14432	0.03428	0.00796	0.00878	0	0	1	
veryshort_0001	35	1	614	0.0	0.03605	0.0	0.00233	0	0	1	
veryshort_0002	18	1	1547	0.0	0.04103	0.0	0.00303	0	0	1	
veryshort_0003	37	2	190	0.02961	0.03203	0.00092	0.00472	0	0	1	
veryshort_0004	34	1	429	0.0	0.03442	0.0	0.00759	0	0	1	
veryshort_0005	45	1	242	0.0	0.01442	0.0	0.00746	0	0	1	
veryshort_0006	48	1	383	0.0	0.01747	0.0	0.00129	0	0	1	
veryshort_0007	32	4	104	0.17151	0.04248	0.0018	0.00526	0	0	1	
veryshort_0008	45	1	255	0.0	0.02355	0.0	0.00284	0	0	1	
veryshort_0009	40	1	309	0.0	0.03222	0.0	0.00031	0	0	1	
veryshort_0010	38	1	540	0.0	0.03329	0.0	0.00895	0	0	1	
veryshort_0011	27	4	373	0.16292	0.0464	0.00143	0.00408	0	0	1	
veryshort_0012	41	3	189	0.02515	0.02178	0.00924	0.00834	0	0	1	
veryshort_0013	18	2	616	0.11765	0.03498	0.00316	0.00314	0	0	1	
veryshort_0014	38	2	207	0.17873	0.00695	0.00846	0.00955	0	0	1	
veryshort_0015	48	4	71	0.15036	0.03086	0.00433	0.00301	0	0	1	
veryshort_0016	20	1	721	0.0	0.00849	0.0	0.00089	0	0	1	
veryshort_0017	22	1	1271	0.0	0.01557	0.0	0.0037	0	0	1	
veryshort_0018	42	4	156	0.1226	0.03687	0.00439	0.00842	0	0	1	
veryshort_0019	23	1	897	0.0	0.02493	0.0	0.0016	0	0	1	
veryshort_0020	26	4	133	0.07382	0.0331	0.00376	0.00056	0	0	1	
veryshort_0021	50	1	424	0.0	0.0116	0.0	0.00541	0	0	1	
veryshort_0022	48	4	130	0.10911	0.02272	0.00263	0.00787	0	0	1	
veryshort_0023	34	1	349	0.0	0.00679	0.0	0.00713	0	0	1	
veryshort_0024	26	4	108	0.02341	0.01726	0.00035	0.0032	0	0	1	
veryshort_0025	46	1	478	0.0	0.0115	0.0	0.00859	0	0	1	
veryshort_0026	16	3	259	0.1403	0.02935	0.00824	0.00676	0	0	1	
veryshort_0027	19	1	1936	0.0	0.04541	0.0	0.00256	0	0	1	
veryshort_0028	42	3	135	0.19965	0.02549	0.00107	0.00881	0	0	1	
veryshort_0029	19	4	160	0.04636	0.04078	0.00659	0.00905	0	0	1	
veryshort_0030	30	1	365	0.0	0.0088	0.0	0.00476	0	0	1	
veryshort_0031	28	1	477	0.0	0.00711	0.0	0.00623	0	0	1	
veryshort_0032	27	3	271	0.09489	0.02209	0.009	0.0073	0	0	1	
veryshort_0033	46	2	245	0.05607	0.02152	0.00963	0.00239	0	0	1	
veryshort_0034	41	1	799	0.0	0.04592	0.0	0.0075	0	0	1	
veryshort_0035	30	1	966	0.0	0.00798	0.0	1e-05	0	0	1	
veryshort_0036	35	1	740	0.0	0.00911	0.0	0.00226	0	0	1	
veryshort_0037	41	4	158	0.06783	0.04692	0.00408	0.00063	0	0	1	
veryshort_0038	39	1	624	0.0	0.00744	0.0	0.00284	0	0	1	
veryshort_0039	17	1	622	0.0	0.00676	0.0	0.00469	0	0	1	
veryshort_0040	29	1	837	0.0	0.03575	0.0	0.00888	0	0	1	
veryshort_0041	41	1	476	0.0	0.02644	0.0	0.00238	0	0	1	
veryshort_0042	49	4	74	0.16165	0.01214	0.00321	0.00191	0	0	1	
veryshort_0043	17	1	650	0.0	0.04066	0.0	0.00729	0	0	1	
veryshort_0044	21	3	660	0.05125	0.0161	0.00106	0.00188	0	0	1	
veryshort_0045	42	4	215	0.05354	0.04813	0.00706	0.00571	0	0	1	
veryshort_0046	50	3	101	0.07954	0.04892	0.00761	0.00602	0	0	1	
veryshort_0047	42	1	1064	0.0	0.04762	0.0	0.00793	0	0	1	
veryshort_0048	27	2	337	0.0419	0.04848	0.00599	0.00663	0	0	1	
veryshort_0049	46	3	75	0.15757	0.02465	0.00244	0.00504	0	0	1	
largeN_0000	122	12	19	0.12726	0.00626	0.01248	0.00537	0	0	1	
largeN_0001	190	8	37	0.08824	0.03758	0.00879	0.00441	0	0	1	
largeN_0002	186	10	16	0.16135	0.01135	0.00618	0.00511	0	0	1	
largeN_0003	211	10	20	0.09569	0.04837	0.0051	0.00678	0	0	1	
largeN_0004	320	8	10	0.13341	0.01276	0.0143	0.00629	0	0	1	
largeN_0005	389	10	14	0.14516	0.04587	0.00991	0.01469	0	0	1	
largeN_0006	106	8	40	0.16591	0.01807	0.00969	0.00696	0	0	1	
largeN_0007	110	10	31	0.06905	0.00867	0.00564	0.00838	0	0	1	
largeN_0008	147	10	31	0.10868	0.02378	0.0121	0.00113	0	0	1	
largeN_0009	440	8	10	0.17207	0.04511	0.00104	0.00777	0	0	1	
largeN_0010	100	12	53	0.09542	0.04142	0.00275	0.01495	0	0	1	
largeN_0011	205	12	29	0.17284	0.04043	0.01466	0.01399	0	0	1	
largeN_0012	270	10	10	0.16362	0.03681	0.00575	0.01431	0	0	1	
largeN_0013	312	10	22	0.16616	0.04078	0.00421	0.01224	0	0	1	
largeN_0014	101	12	17	0.08973	0.04584	0.01253	0.01408	0	0	1	
largeN_0015	273	8	14	0.07524	0.00952	0.0028	0.00319	0	0	1	
largeN_0016	176	10	15	0.10961	0.02523	0.01102	0.00755	0	0	1	
largeN_0017	317	8	12	0.11141	0.00762	0.00117	0.00479	0	0	1	
largeN_0018	298	12	22	0.13234	0.03821	0.01102	0.0123	0	0	1	
largeN_0019	139	10	38	0.1068	0.02389	0.00249	0.00794	0	0	1	
largeN_0020	223	10	21	0.16597	0.04379	0.00715	0.00712	0	0	1	
largeN_0021	327	8	12	0.0853	0.0075	0.00948	0.00512	0	0	1	
largeN_0022	91	12	32	0.1496	0.02068	0.01058	0.00559	0	0	1	
largeN_0023	115	10	24	0.12605	0.02741	0.00462	0.00988	0	0	1	
largeN_0024	278	12	21	0.08528	0.01461	0.00208	0.00416	0	0	1	
largeN_0025	102	8	27	0.15551	0.04517	0.00324	0.00711	0	0	1	
largeN_0026	166	10	20	0.10935	0.02385	0.00711	0.00518	0	0	1	
largeN_0027	198	12	14	0.10791	0.01834	0.0066	0.00933	0	0	1	
largeN_0028	112	10	30	0.17417	0.02839	0.00511	0.01336	0	0	1	
largeN_0029	184	8	15	0.15907	0.03184	0.0033	0.01361	0	0	1	
largeN_0030	217	12	13	0.14105	0.03382	0.01262	0.00687	0	0	1	
largeN_0031	317	12	5	0.19137	0.02184	0.00185	0.00051	0	0	1	
largeN_0032	139	10	19	0.12242	0.01373	0.01199	0.01128	0	0	1	
largeN_0033	240	8	20	0.16959	0.02125	0.00221	0.00531	0	0	1	
largeN_0034	189	12	33	0.11582	0.04854	0.01446	0.00629	0	0	1	
largeN_0035	198	12	12	0.13837	0.00521	0.00145	0.01407	0	0	1	
largeN_0036	118	12	34	0.14574	0.00909	0.00247	0.00235	0	0	1	
largeN_0037	347	12	12	0.11281	0.03614	0.00775	0.00018	0	0	1	
largeN_0038	205	12	10	0.18415	0.03528	0.01193	0.0147	0	0	1	
largeN_0039	92	12	65	0.1307	0.03921	0.00243	0.00294	0	0	1	
largeN_0040	131	12	28	0.05935	0.00967	0.01225	0.00891	0	0	1	
largeN_0041	82	8	49	0.16766	0.01452	0.00399	0.00015	0	0	1	
largeN_0042	299	8	9	0.05358	0.01015	0.00761	0.00371	0	0	1	
largeN_0043	329	8	26	0.11507	0.02428	0.01141	0.00556	0	0	1	
largeN_0044	122	12	41	0.15794	0.00933	0.00253	0.01295	0	0	1	
largeN_0045	205	12	27	0.17566	0.03627	0.01431	0.00989	0	0	1	
largeN_0046	211	10	25	0.19842	0.03219	0.00815	0.00297	0	0	1	
largeN_0047	136	8	31	0.19921	0.04952	0.00411	0.00967	0	0	1	
largeN_0048	452	12	8	0.15742	0.00704	0.00793	0.01222	0	0	1	
largeN_0049	91	8	74	0.14149	0.01096	0.01017	0.00367	0	0	1	
